iae_rad,voltage_effort_V2s,overshoot_rad_s,final_error_rad_s,peak_current_A,saturation_fraction,tail_speed_std_rad_s,scenario,controller,control_dt_s,noise_std_rad_s,seed
1.5620514839840358,907.3250852543616,0.0,0.09574167425493019,12.59045898183359,0.0,0.017912908302739994,hot_winding,baseline,0.005,0.0,0
0.3349823432247744,1414.6862480649474,0.0,0.00010673839547947761,13.743635655678037,0.07,0.00023622017937269894,hot_winding,tuned,0.005,0.0,0
1.5625112228038662,907.0848745897006,0.0,0.09597428571287281,12.586219918672208,0.0,0.018003795648206405,hot_winding,baseline,0.005,0.01,0
1.5620445716965687,907.6664278160387,0.0,0.09484637415045949,12.596039354196233,0.0,0.01827021055826929,hot_winding,baseline,0.005,0.01,1
1.5610403423784336,907.645155898141,0.0,0.09588648137291833,12.587581265095038,0.0,0.01811956465223962,hot_winding,baseline,0.005,0.01,2
1.5603567125593945,907.7745477761952,0.0,0.09635791402271188,12.586144206666674,0.0,0.01794772622906404,hot_winding,baseline,0.005,0.01,3
1.5640465612164165,906.7085128720545,0.0,0.09581968832699084,12.588118181243983,0.0,0.01805928811800466,hot_winding,baseline,0.005,0.01,4
0.3387614157289805,1414.6901956121142,0.0010517660017286268,0.0006625327524034663,13.749858096593965,0.072,0.0011325786659549867,hot_winding,tuned,0.005,0.01,0
0.3347648971139466,1416.9583971363395,0.002796425512092471,0.0005105109910357175,13.744855323046746,0.068,0.0012596566070400927,hot_winding,tuned,0.005,0.01,1
0.3404897184950324,1414.8037864071873,0.0048213283303513155,0.0015180516112675013,13.709558017151345,0.074,0.0022910238035602957,hot_winding,tuned,0.005,0.01,2
0.33735512451881666,1416.4750707175865,0.004680854107999899,0.0010222891488923525,13.780158428836492,0.07,0.002983983891489042,hot_winding,tuned,0.005,0.01,3
0.3395016911605369,1415.5623504337082,0.0017639906858679666,0.0004085369491261259,13.76121507998408,0.07,0.0011378462558167362,hot_winding,tuned,0.005,0.01,4
1.564350178083228,907.0999070676734,0.0,0.09690473154464174,12.579573886331259,0.0,0.01837756475022754,hot_winding,baseline,0.005,0.05,0
1.562016922546713,910.0475069752076,0.0,0.09126517373257981,12.624360060054284,0.0,0.01970672919417044,hot_winding,baseline,0.005,0.05,1
1.5569957759560211,909.9429570115411,0.0,0.09646570984487202,12.576070398140846,0.0,0.019042663575212983,hot_winding,baseline,0.005,0.05,2
1.5535776268608137,910.5583370050504,0.0,0.09882287309384308,12.570388957561887,0.0,0.018224967125884953,hot_winding,baseline,0.005,0.05,3
1.5720268701459381,905.2685949168584,0.0,0.09613174461523766,12.581847134972806,0.0,0.01866446394900906,hot_winding,baseline,0.005,0.05,4
0.35083217150632606,1446.8781292553904,0.005988550903201828,0.003253319350371875,13.722253394784637,0.081,0.005183821946329012,hot_winding,tuned,0.005,0.05,0
0.35677638967984027,1448.3957566957024,0.012343091354474423,0.0005082927967056117,13.757565074087141,0.085,0.00557695993142458,hot_winding,tuned,0.005,0.05,1
0.3577133459787044,1447.9353977778467,0.019500280257775726,0.010062491598297307,13.793323616915389,0.084,0.010040484168063493,hot_winding,tuned,0.005,0.05,2
0.3536645980194571,1450.7131695875476,0.021073205096575842,0.007491083221312533,13.868597403417006,0.081,0.014708192742315825,hot_winding,tuned,0.005,0.05,3
0.3673596789502589,1448.365959712564,0.008733208374851475,0.0028418974239434736,13.790677398179934,0.085,0.005955433267867767,hot_winding,tuned,0.005,0.05,4
1.5595584418431132,908.0490022962568,0.0,0.09567910323628548,12.59101245491101,0.0,0.017884425125907495,hot_winding,baseline,0.01,0.0,0
0.3378873128749421,1414.1657497987082,0.0,0.00011956183073347226,13.74119995430666,0.072,0.00026105460588707053,hot_winding,tuned,0.01,0.0,0
1.5591766185627092,908.1186307459125,0.0,0.09568001307451302,12.588317057997179,0.0,0.01803510025345627,hot_winding,baseline,0.01,0.01,0
1.5625033697187705,907.0029463286821,0.0,0.09626174260678533,12.589605367392338,0.0,0.017438084416573445,hot_winding,baseline,0.01,0.01,1
1.5578436550956167,908.6569063004827,0.0,0.09565951256216132,12.592936493849257,0.0,0.017646849795898766,hot_winding,baseline,0.01,0.01,2
1.5571133351694388,908.8642125923557,0.0,0.09518244039678092,12.596628252654327,0.0,0.017850355738355826,hot_winding,baseline,0.01,0.01,3
1.5613971545802394,907.1953266370551,0.0,0.09614810791880901,12.570992959395921,0.0,0.018480043641943958,hot_winding,baseline,0.01,0.01,4
0.345182290825263,1412.8181914874947,0.0024562732836783674,0.0011902192087069885,13.733041396420898,0.072,0.001830272491177658,hot_winding,tuned,0.01,0.01,0
0.34254603085241797,1414.3057316807824,0.0015181672158022241,0.0006585223001254192,13.73375409535466,0.07,0.0011965995843967693,hot_winding,tuned,0.01,0.01,1
0.34306809152034473,1414.897620011308,0.00480086023469406,0.00046433805229906255,13.729559911601829,0.068,0.00275669445944554,hot_winding,tuned,0.01,0.01,2
0.3372086527396239,1417.0606402608166,0.0028070413483576306,0.0004652517953076529,13.746679437917235,0.072,0.0024741528393315572,hot_winding,tuned,0.01,0.01,3
0.34243630505237,1413.3276963548544,0.0038401368130134284,0.005336645769036252,13.711116404430262,0.072,0.003158475023667427,hot_winding,tuned,0.01,0.01,4
1.5576493254411035,909.4679579927973,0.0,0.09568365242741939,12.58084157154266,0.0,0.018662743932479648,hot_winding,baseline,0.01,0.05,0
1.5742830812214126,903.7895056407118,0.0,0.09859230008878872,12.583977017317638,0.0,0.015671615537808263,hot_winding,baseline,0.01,0.05,1
1.5509845081056124,912.1394790449422,0.0,0.09558114986566923,12.60126799708605,0.0,0.016753641823180496,hot_winding,baseline,0.01,0.05,2
1.547332908474758,913.1215701644062,0.0,0.09319578903876302,12.61909144362761,0.0,0.017830526920133757,hot_winding,baseline,0.01,0.05,3
1.5687520055287418,904.8622787192727,0.0,0.09802412664890359,12.570627837688036,0.0,0.020906774705520638,hot_winding,baseline,0.01,0.05,4
0.3619214467540801,1450.1937589854842,0.015920996938099785,0.006054728245726948,13.861397699928819,0.082,0.00891500845586453,hot_winding,tuned,0.01,0.05,0
0.3704117279968914,1441.4208354332657,0.009945674783347735,0.002708831209416118,13.719621449574202,0.086,0.006882100257460807,hot_winding,tuned,0.01,0.05,1
0.36167835266930265,1457.1130841407323,0.02542444424719026,0.0007738294256325329,13.970103852102406,0.084,0.013295080667923011,hot_winding,tuned,0.01,0.05,2
0.35361330150250025,1453.9569667249139,0.013429208307621288,0.0019763246143709168,13.867605464804532,0.086,0.01282916017302812,hot_winding,tuned,0.01,0.05,3
0.38066725759826286,1438.7140500557666,0.018003305483425436,0.028651505744739292,13.892109264155295,0.086,0.01484388142266049,hot_winding,tuned,0.01,0.05,4
1.5546106703289124,909.4899418286467,0.0,0.09555688861441414,12.592080046086775,0.0,0.01782823709174059,hot_winding,baseline,0.02,0.0,0
0.33832966408605786,1416.109247957774,0.0,0.00013747560001597936,13.781587261405539,0.076,0.0002926749334690094,hot_winding,tuned,0.02,0.0,0
1.5531591703027863,909.9394276116918,0.0,0.09583545636853985,12.59025173151947,0.0,0.017439032546771968,hot_winding,baseline,0.02,0.01,0
1.5566771864788773,908.473093053698,0.0,0.09670946318694107,12.58217012031203,0.0,0.017864395019709278,hot_winding,baseline,0.02,0.01,1
1.5524894012823018,909.9543889547745,0.0,0.09499679466374356,12.594962304252984,0.0,0.017744196491266327,hot_winding,baseline,0.02,0.01,2
1.5495772226364513,910.9621410993763,0.0,0.09557264178296687,12.585347135573697,0.0,0.017695079840464173,hot_winding,baseline,0.02,0.01,3
1.5577231279548596,908.2522033180184,0.0,0.0956700197230308,12.585888185187708,0.0,0.017551738310541288,hot_winding,baseline,0.02,0.01,4
0.3396473452255182,1417.406803545317,0.0035998975563777957,0.0007982982311464104,13.717412576207735,0.076,0.0024831692226913137,hot_winding,tuned,0.02,0.01,0
0.34806838268455953,1415.0404631410656,0.004782865872799746,0.0006828805979219865,13.66064886077924,0.076,0.0037438640905853118,hot_winding,tuned,0.02,0.01,1
0.3403716241543461,1418.464084762633,0.008034984745685536,0.001605408306498246,13.761668854527732,0.072,0.004873943058290888,hot_winding,tuned,0.02,0.01,2
0.33880241091529595,1418.1168572219692,0.005067241331290884,0.002890216919081867,13.83660340527086,0.072,0.0024678209966032347,hot_winding,tuned,0.02,0.01,3
0.34370985219463224,1414.0854303234087,0.0036510046459574674,0.0013652818382434706,13.694575939115316,0.076,0.001991365878516066,hot_winding,tuned,0.02,0.01,4
1.5473531701982843,912.8641033723659,0.0,0.0969497273850426,12.582938473250255,0.0,0.01597085511447796,hot_winding,baseline,0.02,0.05,0
1.5649432510787442,905.3913275743308,0.0,0.10131976147704924,12.542530417213078,0.0,0.01811229259936396,hot_winding,baseline,0.02,0.05,1
1.5440043250958575,912.875545917695,0.0,0.0927564188610589,12.624415652989311,0.0,0.017807371547519157,hot_winding,baseline,0.02,0.05,2
1.5294434318665853,917.9200036915169,0.0,0.09563565445717237,12.569857917928422,0.0,0.017198723459120924,hot_winding,baseline,0.02,0.05,3
1.5701729584586182,904.2404574791143,0.0,0.09612254415749699,12.579515069759736,0.0,0.016522133734895247,hot_winding,baseline,0.02,0.05,4
0.3622764001953509,1461.348679735788,0.020045877589452754,0.009147361502233609,14.143350186799701,0.084,0.01336338001821365,hot_winding,tuned,0.02,0.05,0
0.39714190997149884,1444.2587970047089,0.028681837551252087,0.0034630410552158875,13.941312518167653,0.1,0.014939119391666639,hot_winding,tuned,0.02,0.05,1
0.373774520420388,1453.3635188096796,0.035465558852890045,0.004322489206844082,14.080832532243717,0.088,0.023106400088445157,hot_winding,tuned,0.02,0.05,2
0.34356869473443796,1463.5746633754916,0.019991427773434767,0.015918300649399697,13.861618285575847,0.088,0.010707233389887078,hot_winding,tuned,0.02,0.05,3
0.37803791209516635,1438.8337765882927,0.019278414003571775,0.0024838474571406977,13.835745536148357,0.084,0.008505463237759745,hot_winding,tuned,0.02,0.05,4
1.5400696142030967,913.7597515458865,0.0,0.09521322313167402,12.594973658511682,0.0,0.01766587257444666,hot_winding,baseline,0.05,0.0,0
0.35644750487795257,1416.3204567893856,0.005664384633155661,0.00020348177491447128,13.925643444672748,0.09,0.00040131225909898085,hot_winding,tuned,0.05,0.0,0
1.5373833270872184,915.0464350388509,0.0,0.09474889206456028,12.610201546456496,0.0,0.0172026582244416,hot_winding,baseline,0.05,0.01,0
1.5399908779687315,914.7772617370282,0.0,0.09294192400392554,12.624057830735218,0.0,0.017711523553827112,hot_winding,baseline,0.05,0.01,1
1.5281954317397812,917.4842193065499,0.0,0.09626051907895272,12.584448930324221,0.0,0.016017107190843576,hot_winding,baseline,0.05,0.01,2
1.532406526313933,916.3729396483926,0.0,0.09596593378696772,12.593684779423452,0.0,0.01675704747236274,hot_winding,baseline,0.05,0.01,3
1.5404160714294226,913.6190501406046,0.0,0.09547182496089912,12.597098378119236,0.0,0.018175967540608413,hot_winding,baseline,0.05,0.01,4
0.3585690651555587,1421.8898657784707,0.005639955062585189,0.0034920196338492637,13.795826696724289,0.09,0.003679716578251275,hot_winding,tuned,0.05,0.01,0
0.36561101009437963,1423.6764482403303,0.01225897750890459,0.008582072703206434,13.947300995470295,0.09,0.005396728388526635,hot_winding,tuned,0.05,0.01,1
0.3492146760800458,1424.3195788713049,0.011784823632578156,0.0006750310920907721,13.898711372131915,0.08,0.005337683356353131,hot_winding,tuned,0.05,0.01,2
0.3587432883994799,1423.4064787913899,0.014196920693275494,0.0014350802938409846,13.995819675657913,0.09,0.006938882133322274,hot_winding,tuned,0.05,0.01,3
0.3609701663589733,1417.2616753070324,0.01140618787074521,0.0027094559574635246,13.863195126162687,0.08,0.004714053115870027,hot_winding,tuned,0.05,0.01,4
1.526638178623695,921.4268397197861,0.0,0.0928915677961003,12.671113098235784,0.0,0.015565995604843536,hot_winding,baseline,0.05,0.05,0
1.539675933031246,919.8273824951301,0.0,0.08385672749293338,12.740394519629355,0.0,0.018317959366088047,hot_winding,baseline,0.05,0.05,1
1.4806987018865287,933.7194185381647,0.0,0.10044970286806154,12.542350017574417,0.0,0.00999264282630938,hot_winding,baseline,0.05,0.05,2
1.5017541747572658,928.2109728301323,0.0,0.09897677640814295,12.58852926307055,0.0,0.014510363773370331,hot_winding,baseline,0.05,0.05,3
1.541801900334756,914.036968996782,0.0,0.09650623227779498,12.605597256549508,0.0,0.020463359214862885,hot_winding,baseline,0.05,0.05,4
0.3988974356399602,1495.2628659456682,0.035924727307136584,0.018151215626416528,14.192873840748328,0.09,0.018714488914284684,hot_winding,tuned,0.05,0.05,0
0.4225863331620115,1472.7557980184852,0.037615802559171074,0.030901136390754758,14.245560813704316,0.11,0.025315310653258438,hot_winding,tuned,0.05,0.05,1
0.3908325453777211,1483.8615359603007,0.04615534286394696,0.0028225625285686062,14.40609327412274,0.09,0.02750697504893071,hot_winding,tuned,0.05,0.05,2
0.4273455392707288,1487.896229157829,0.08294289409637257,0.004772958379854142,14.239075239781984,0.12,0.025633665677945984,hot_winding,tuned,0.05,0.05,3
0.39103597931742357,1456.5720125161006,0.025578516927046158,0.01747884274233924,14.183213143778172,0.09,0.01658518558254271,hot_winding,tuned,0.05,0.05,4
1.3752596644567592,764.725129920426,0.0,0.06397758535823439,14.201510454790482,0.0,0.012580349892504526,higher_friction,baseline,0.005,0.0,0
0.32148922170595406,1174.4320501120067,0.011876589602452858,2.186575382534528e-06,15.246873797448506,0.056,5.4895893923447005e-06,higher_friction,tuned,0.005,0.0,0
1.3757055750488585,764.5149848092041,0.0,0.06423358437555127,14.1961611121088,0.0,0.012643213222496539,higher_friction,baseline,0.005,0.01,0
1.3752821326550968,765.0091239155468,0.0,0.06313954625933382,14.209436956385042,0.0,0.012884353296702103,higher_friction,baseline,0.005,0.01,1
1.3742670206830887,765.0471135885361,0.0,0.06403418668335359,14.199581686636932,0.0,0.012782578013507198,higher_friction,baseline,0.005,0.01,2
1.3735498182978956,765.174808600486,0.0,0.06447969390638264,14.19648777265704,0.0,0.012610246472191581,higher_friction,baseline,0.005,0.01,3
1.3772836510163133,764.1393753066037,0.0,0.06401687941807921,14.199463860079527,0.0,0.012744254769385358,higher_friction,baseline,0.005,0.01,4
0.32179686209666813,1176.9278611065863,0.012494632842119602,0.0005079506836107583,15.27204982521518,0.056,0.0009169966974081256,higher_friction,tuned,0.005,0.01,0
0.32403637824100506,1177.4257394835213,0.010496334217311887,0.000761556219486037,15.229686397897561,0.056,0.0010699569523173321,higher_friction,tuned,0.005,0.01,1
0.3242231488430088,1176.3220246549101,0.011034901754867876,0.001539403598817879,15.259739518027855,0.056,0.002080706447556825,higher_friction,tuned,0.005,0.01,2
0.3250926742039902,1176.184658985644,0.013037117825060118,0.0012333345030194343,15.270473379401906,0.057,0.002649932726587212,higher_friction,tuned,0.005,0.01,3
0.3253421146703996,1175.8848407942,0.013707818360907398,0.0002819867797075881,15.288128508479966,0.057,0.0010383759975259072,higher_friction,tuned,0.005,0.01,4
1.377489217417242,764.6499050559096,0.0,0.06525758044481711,14.185831834926404,0.0,0.012904994279449356,higher_friction,baseline,0.005,0.05,0
1.3753720054484613,767.1609608547894,0.0,0.059787389863734774,14.247320444203972,0.0,0.0141099423802127,higher_friction,baseline,0.005,0.05,1
1.3702964455884061,767.3520859281745,0.0,0.06426059198382983,14.193299297428467,0.0,0.013687114420808345,higher_friction,baseline,0.005,0.05,2
1.3667104336624365,767.9591135656159,0.0,0.06648812809897842,14.179052904605529,0.0,0.012872481715568962,higher_friction,baseline,0.005,0.05,3
1.3853795972545417,762.8221612945969,0.0,0.06417405565745382,14.19485674094301,0.0,0.0134205336118851,higher_friction,baseline,0.005,0.05,4
0.3373619157536824,1212.992040640576,0.015239217378849368,0.0025205715985796573,15.334901644819654,0.06,0.004599318299013507,higher_friction,tuned,0.005,0.05,0
0.34652447371093986,1219.643842747252,0.023979975433709333,0.0037917644875622436,15.376025166311573,0.059,0.005386368832155177,higher_friction,tuned,0.005,0.05,1
0.3398845178976408,1213.7253932696046,0.023540077185900454,0.007732576671850788,15.38957149415215,0.062,0.01040428619065075,higher_friction,tuned,0.005,0.05,2
0.34741091856160816,1214.7516125454665,0.021930189704302494,0.0061757610991783896,15.399916668071945,0.059,0.013246965723868638,higher_friction,tuned,0.005,0.05,3
0.34820129102434727,1215.38137741792,0.017080180239394283,0.0014286651237139791,15.390566573204973,0.059,0.005180195925289655,higher_friction,tuned,0.005,0.05,4
1.3727574547848285,765.4194690729097,0.0,0.0639319595921699,14.202048004521163,0.0,0.012557156677569714,higher_friction,baseline,0.01,0.0,0
0.3226995978285071,1174.5726987173598,0.012771515510543452,1.6514211049756256e-06,15.265192789550314,0.056,4.026093432470573e-06,higher_friction,tuned,0.01,0.0,0
1.3723853312659473,765.5145942425333,0.0,0.06392849343158935,14.199717808944737,0.0,0.012704899151298164,higher_friction,baseline,0.01,0.01,0
1.375699960356991,764.4459822924547,0.0,0.06448631613432632,14.19871101983707,0.0,0.012185060546238455,higher_friction,baseline,0.01,0.01,1
1.371046867325914,766.0119981031298,0.0,0.06382837046549272,14.204679814307404,0.0,0.012364105046916471,higher_friction,baseline,0.01,0.01,2
1.3702973487569121,766.2279688418089,0.0,0.06352707369104393,14.208103280013232,0.0,0.012503042299342274,higher_friction,baseline,0.01,0.01,3
1.3746321943220992,764.6343011062637,0.0,0.06438310025842375,14.182683300580825,0.0,0.01310665986904189,higher_friction,baseline,0.01,0.01,4
0.3245102027779284,1176.1656457934937,0.011253051754484655,0.0009034738755870908,15.300193750096348,0.056,0.0015631736988502055,higher_friction,tuned,0.01,0.01,0
0.32690562976558635,1175.415503403358,0.01051669796669552,0.0006263139690390052,15.265695832010083,0.058,0.001348154108376694,higher_friction,tuned,0.01,0.01,1
0.3270047146452877,1177.1938016362396,0.014804134266608315,0.0003027017575403246,15.28468452528072,0.056,0.002407930560858773,higher_friction,tuned,0.01,0.01,2
0.3269283624707806,1176.0129549719798,0.013023348541320479,0.0008680123909345916,15.286600058858642,0.058,0.0021766128389929056,higher_friction,tuned,0.01,0.01,3
0.3295309807171187,1173.5320335873666,0.012910545562255793,0.004819508621055513,15.253749160049821,0.058,0.002567892836098747,higher_friction,tuned,0.01,0.01,4
1.3708968371904104,766.9651901042614,0.0,0.0639146287892648,14.19466904677286,0.0,0.013323791444719615,higher_friction,baseline,0.01,0.05,0
1.3874699826456305,761.5240468529926,0.0,0.06670374230295073,14.185363081100718,0.0,0.010716713508665985,higher_friction,baseline,0.01,0.05,1
1.3642045174902622,769.4329354398755,0.0,0.06341401395878576,14.216823183437876,0.0,0.01165652866068217,higher_friction,baseline,0.01,0.05,2
1.3604569246452536,770.4580669840944,0.0,0.06190753008654082,14.232324381981506,0.0,0.012409803342586909,higher_friction,baseline,0.01,0.05,3
1.3821311524711732,762.5745819433178,0.0,0.06618766292344125,14.191961280645716,0.0,0.015347450705949154,higher_friction,baseline,0.01,0.05,4
0.3389293853238115,1213.7159892180155,0.015213528982304325,0.004544117496886879,15.361594510156984,0.064,0.0078029012249921535,higher_friction,tuned,0.01,0.05,0
0.3481448473622826,1209.5170098778865,0.01229832986151358,0.003005722230831509,15.267644915835175,0.062,0.00655240525176888,higher_friction,tuned,0.01,0.05,1
0.34967852796321647,1221.4409662156872,0.0255670566541355,0.001499539674104211,15.491447480567137,0.058,0.012025182927259634,higher_friction,tuned,0.01,0.05,2
0.3433169799188371,1218.5505463890233,0.014767102683332922,0.0043265298174703926,15.351438328085178,0.066,0.010885725674555655,higher_friction,tuned,0.01,0.05,3
0.35980005669423804,1208.2759607466612,0.022009721542366467,0.02411141981127274,15.499461211678549,0.06,0.012860003960848099,higher_friction,tuned,0.01,0.05,4
1.3677751391100388,766.8059397844736,0.0,0.06384242444202204,14.203094386227436,0.0,0.012511263051676373,higher_friction,baseline,0.02,0.0,0
0.32524571026981,1174.9829485353025,0.014833089037611602,4.715355952367162e-07,15.306399591624539,0.056,8.839464194965773e-07,higher_friction,tuned,0.02,0.0,0
1.3663308075156184,767.2656109280848,0.0,0.06397601054192892,14.201917997018649,0.0,0.012206845268999789,higher_friction,baseline,0.02,0.01,0
1.369813802237094,765.9022233137598,0.0,0.0649459177333902,14.189751257961763,0.0,0.012569840466333698,higher_friction,baseline,0.02,0.01,1
1.3656153988051662,767.3215324072377,0.0,0.06352673071651038,14.204860325250392,0.0,0.012406195290002036,higher_friction,baseline,0.02,0.01,2
1.362722559551585,768.2526602278824,0.0,0.0638278365799656,14.19742235761494,0.0,0.012388873621655565,higher_friction,baseline,0.02,0.01,3
1.37089711677221,765.6894955890837,0.0,0.06401453268249135,14.19581423997645,0.0,0.012283392719182055,higher_friction,baseline,0.02,0.01,4
0.3297233337343791,1176.9785585653835,0.016286792552250073,0.0008019619817464241,15.280397942415888,0.06,0.0024890885817158937,higher_friction,tuned,0.02,0.01,0
0.3312256849092246,1175.359048700571,0.01440581169539712,0.00018391664820183173,15.280912656514102,0.06,0.0030183181047241728,higher_friction,tuned,0.02,0.01,1
0.32825651606037987,1177.6194675448905,0.013913455044385348,0.0021358297353528677,15.27914923812003,0.06,0.004344480036585989,higher_friction,tuned,0.02,0.01,2
0.3240018696337654,1178.8762613804638,0.01411263088254966,0.002648166526845408,15.284953061606696,0.056,0.0020445398773630058,higher_friction,tuned,0.02,0.01,3
0.3289679495413317,1174.1092946950341,0.008663449368430776,0.0012213066808131057,15.217816541809738,0.056,0.0018135546854758798,higher_friction,tuned,0.02,0.01,4
1.360553481137934,770.2302813104845,0.0,0.06451035494155599,14.197212440183526,0.0,0.011098881938734019,higher_friction,baseline,0.02,0.05,0
1.3779684547453341,763.2735714643418,0.0,0.06935989089885874,14.136638452934209,0.0,0.012911519041827052,higher_friction,baseline,0.02,0.05,1
1.356976437585677,770.4502283968906,0.0,0.062263955814462424,14.229107561416779,0.0,0.012414796086558811,higher_friction,baseline,0.02,0.05,2
1.3425122413177777,775.1080328533278,0.0,0.0637694851317353,14.189137620705685,0.0,0.011940506062017058,higher_friction,baseline,0.02,0.05,3
1.3833850274209203,762.1639822342206,0.0,0.06470296564436362,14.186950734413694,0.0,0.011448554771676592,higher_friction,baseline,0.02,0.05,4
0.35564469980177627,1227.1596369346355,0.027001581462655633,0.0058950632471208575,15.734420835457124,0.06,0.013222652159129452,higher_friction,tuned,0.02,0.05,0
0.36661083172869546,1213.0701151201558,0.02697715362835984,0.00061293511091709,15.52923481993647,0.064,0.014261865716488124,higher_friction,tuned,0.02,0.05,1
0.360628310255068,1217.189857666456,0.03559072129063767,0.01055434113349829,15.683794549443572,0.064,0.021735494652791364,higher_friction,tuned,0.02,0.05,2
0.3347864077095185,1229.3086322290972,0.03287610616560355,0.01326238421198389,15.63368420308698,0.064,0.01020923904445318,higher_friction,tuned,0.02,0.05,3
0.35931689323649385,1208.083431658253,0.017719353683242955,0.006104607675132101,15.413892538398283,0.056,0.009067937076077923,higher_friction,tuned,0.02,0.05,4
1.353000680775172,770.9494566548173,0.0,0.0635872064409202,14.206009313669457,0.0,0.012377446441347842,higher_friction,baseline,0.05,0.0,0
0.32333991653276134,1182.8382240293718,0.023679875884822232,2.753101003172276e-06,15.475466919147165,0.06,1.0483789645212656e-05,higher_friction,tuned,0.05,0.0,0
1.3503317009372697,772.1635850903331,0.0,0.06292162932117051,14.223778880572581,0.0,0.011971504025218136,higher_friction,baseline,0.05,0.01,0
1.3530123661306404,771.7969196147808,0.0,0.06124972223598013,14.241509417007526,0.0,0.012512448465376321,higher_friction,baseline,0.05,0.01,1
1.3410273015699299,774.5387614086502,0.0,0.06428423325535748,14.195786417431485,0.0,0.010941817763641639,higher_friction,baseline,0.05,0.01,2
1.345267483739685,773.4060411694435,0.0,0.06403720039718352,14.204576451446918,0.0,0.0116486049648971,higher_friction,baseline,0.05,0.01,3
1.3533930086475086,770.8665657785824,0.0,0.06369932226725361,14.209519706307553,0.0,0.012898565482769499,higher_friction,baseline,0.05,0.01,4
0.32739801210395814,1189.1891505078647,0.016281014216163348,0.0028970546923696716,15.384417938628259,0.06,0.003446278031930078,higher_friction,tuned,0.05,0.01,0
0.3375743976323186,1189.4271694469876,0.025826202822903932,0.007818136868373182,15.506175605325279,0.06,0.004994574741012286,higher_friction,tuned,0.05,0.01,1
0.32547588265016825,1189.5976445411343,0.025138198454519145,0.0019946078778114718,15.428917055986844,0.06,0.0053445750185225896,higher_friction,tuned,0.05,0.01,2
0.3306676423439082,1190.023763736295,0.02931940047164816,0.0010280312694022076,15.609674495815108,0.06,0.0068291337845806125,higher_friction,tuned,0.05,0.01,3
0.32852272603589333,1184.618871638717,0.02019498692706767,0.0024004147385208174,15.398702445072432,0.06,0.004015854376896522,higher_friction,tuned,0.05,0.01,4
1.3396557815856112,778.2539408083782,0.0,0.060259320842175,14.294857148185029,0.0,0.010608467017956709,higher_friction,baseline,0.05,0.05,0
1.3530591075525435,776.1638486275366,0.0,0.05189978541622153,14.3835098303598,0.0,0.013445128991690525,higher_friction,baseline,0.05,0.05,1
1.2931337847489606,790.2361549840664,0.0,0.06707234051310684,14.182756952114106,0.0,0.006079633334786011,higher_friction,baseline,0.05,0.05,2
1.3143346955977127,784.6186358182015,0.0,0.06583717622223806,14.19884500255677,0.0,0.010238435627296632,higher_friction,baseline,0.05,0.05,3
1.3549623201368495,771.5115825220889,0.0,0.06414778557258993,14.223561276859915,0.0,0.015212730198572524,higher_friction,baseline,0.05,0.05,4
0.3619501018722011,1268.0046857115526,0.0377590819412319,0.014376125919933314,15.6976585360634,0.06,0.017150246903988472,higher_friction,tuned,0.05,0.05,0
0.4102411727680572,1238.915812348704,0.03921867201991369,0.03738466904466464,15.833057106526656,0.08,0.02190661183014005,higher_friction,tuned,0.05,0.05,1
0.3728736045927699,1254.3366361601402,0.053009050446259476,0.010017208949543721,15.952099689287383,0.06,0.02665948446358759,higher_friction,tuned,0.05,0.05,2
0.3966466821208273,1263.0106676016544,0.07420407714431398,0.0021465063609711343,16.083813860222023,0.07,0.029821300652584877,higher_friction,tuned,0.05,0.05,3
0.3651096026811204,1237.1191299809634,0.03548607278463556,0.013895785923083492,16.014616892273185,0.07,0.01872717811156685,higher_friction,tuned,0.05,0.05,4
0.9660761946977131,347.44807703324466,0.0,0.050003693759586576,10.0301030913663,0.0,0.011922931653050226,lower_speed,baseline,0.005,0.0,0
0.18009057484467686,564.3840683129775,0.05237461423863288,1.0193584184858828e-05,11.45107095422977,0.027,1.896297013887526e-05,lower_speed,tuned,0.005,0.0,0
0.9665939529714304,347.3378301349946,0.0,0.0502665099195686,10.025665483445556,0.0,0.01202269520684068,lower_speed,baseline,0.005,0.01,0
0.9660081611895968,347.6966104945443,0.0,0.049008415793492355,10.036996898656309,0.0,0.012297552016672065,lower_speed,baseline,0.005,0.01,1
0.9650113922453338,347.6271706550982,0.0,0.0501174603011415,10.027171575712076,0.0,0.012180516928207194,lower_speed,baseline,0.005,0.01,2
0.9643162032712757,347.67725472527513,0.0,0.05069201275000068,10.024775296209917,0.0,0.011994814716997548,lower_speed,baseline,0.005,0.01,3
0.9681757883555026,347.18404161886366,0.0,0.050004904408545436,10.028375707381123,0.0,0.012108564912284918,lower_speed,baseline,0.005,0.01,4
0.18297570751471728,565.5093556183799,0.05327658988797246,0.0009061697838871341,11.481002910859141,0.027,0.0011178673107973638,lower_speed,tuned,0.005,0.01,0
0.18270813324025756,565.1793526435491,0.05039340665517167,0.0006393601511565095,11.423936090016959,0.026,0.0010658862743155193,lower_speed,tuned,0.005,0.01,1
0.18427028913704951,567.1017742083122,0.05173853368578385,0.001465563451974461,11.456647024868392,0.027,0.002442575408608808,lower_speed,tuned,0.005,0.01,2
0.18351362750659628,566.23214084806,0.053339398915978165,0.0010819188818004255,11.461110927493799,0.026,0.003209202378547814,lower_speed,tuned,0.005,0.01,3
0.1851708876926326,566.3709785624332,0.05451942098898366,0.0004107204064239811,11.481635717462222,0.027,0.0012576022169596467,lower_speed,tuned,0.005,0.01,4
0.9686649860663298,347.8729618497856,0.0,0.05131777455949471,10.0216376590288,0.0,0.012436816289755834,lower_speed,baseline,0.005,0.05,0
0.9657360271571637,349.7067088271579,0.0,0.04502730392911769,10.072445564318455,0.0,0.013811075542112307,lower_speed,baseline,0.005,0.05,1
0.9607521824358358,349.362031454913,0.0,0.050572526467361545,10.021873933260613,0.0,0.013356314499809119,lower_speed,baseline,0.005,0.05,2
0.9572762375655507,349.5801195550151,0.0,0.05344528871165277,10.008419925244928,0.0,0.012497201690686384,lower_speed,baseline,0.005,0.05,3
0.9765741629866747,347.15407733118985,0.0,0.05000974700437533,10.02886786898977,0.0,0.012881773224770396,lower_speed,baseline,0.005,0.05,4
0.1972419271388381,600.2051995838483,0.04702857760568313,0.004470778500619277,11.475556577744195,0.033,0.005604582483352732,lower_speed,tuned,0.005,0.05,0
0.20474907036160078,603.6996384019499,0.03765108198263867,0.0031416895867968364,11.232914358154803,0.028,0.005425963937133277,lower_speed,tuned,0.005,0.05,1
0.20222956770626163,608.7940353026514,0.05023364719648438,0.0073982506662190195,11.290127548809968,0.033,0.012192058702130672,lower_speed,tuned,0.005,0.05,2
0.20267867415291707,607.7549667755844,0.05078601662768889,0.005464771046507888,11.438269060096216,0.033,0.016024196466778353,lower_speed,tuned,0.005,0.05,3
0.20690922299013656,610.0892174705834,0.04855089673290358,0.002123105800626135,11.445548713122284,0.034,0.006247994767233003,lower_speed,tuned,0.005,0.05,4
0.9644029623162856,347.6957038153897,0.0,0.049991272477118764,10.030183067698292,0.0,0.011900494908462483,lower_speed,baseline,0.01,0.0,0
0.18284050175745425,566.4507428513791,0.05580405719221315,9.89393645067782e-06,11.507684617837468,0.028,1.7433021946375646e-05,lower_speed,tuned,0.01,0.0,0
0.9640315698675567,347.7366303769299,0.0,0.049957344310346374,10.027721424194196,0.0,0.012092393268527919,lower_speed,baseline,0.01,0.01,0
0.9675274990460815,347.19814027896047,0.0,0.0505942778506947,10.02864020175454,0.0,0.011397747554784685,lower_speed,baseline,0.01,0.01,1
0.9625986151260183,348.0403034919524,0.0,0.04998780430792715,10.031788727275412,0.0,0.011652609118444308,lower_speed,baseline,0.01,0.01,2
0.9618880138089542,348.106904440869,0.0,0.049507639386119684,10.03593332387414,0.0,0.011840843073115032,lower_speed,baseline,0.01,0.01,3
0.9663402501759951,347.2829376299691,0.0,0.050348617271113616,10.012265022615454,0.0,0.01257756669363793,lower_speed,baseline,0.01,0.01,4
0.18360866398036937,569.8959695488695,0.054317115214711276,0.0012025767040321211,11.5375395006916,0.026,0.0019767250251918277,lower_speed,tuned,0.01,0.01,0
0.1860003337126525,567.7906821158679,0.05373277374451524,0.0008387259754160103,11.52554339133461,0.028,0.0013798961313749142,lower_speed,tuned,0.01,0.01,1
0.18886950278131112,568.4830466067277,0.056425752471774504,0.0004735516222632574,11.468505336707032,0.028,0.0030314390483313688,lower_speed,tuned,0.01,0.01,2
0.1846237713349171,569.698113297751,0.056224609714057516,0.0005383130941671865,11.496477875496614,0.028,0.0025901398941941232,lower_speed,tuned,0.01,0.01,3
0.19069447660380873,566.0250062413309,0.05497290770401053,0.00532019656588778,11.47963725616636,0.028,0.003197619068218011,lower_speed,tuned,0.01,0.01,4
0.9625460000726204,348.9718286219646,0.0,0.04982163164325237,10.024823195026128,0.0,0.012897306211065905,lower_speed,baseline,0.01,0.05,0
0.9800256459652762,346.17759287727733,0.0,0.053006299344997454,10.02246873797954,0.0,0.009419388374215451,lower_speed,baseline,0.01,0.05,1
0.9553812263649588,350.47115898963256,0.0,0.049973931631155155,10.042229999927804,0.0,0.010754699590774153,lower_speed,baseline,0.01,0.05,2
0.9518282197796283,350.7474898393565,0.0,0.04757310702211881,10.06434452228646,0.0,0.011798134588901811,lower_speed,baseline,0.01,0.05,3
0.9740894016148419,346.71459078923084,0.0,0.05177799644709424,10.042995099338867,0.0,0.0153447590376319,lower_speed,baseline,0.01,0.05,4
0.19549092652631495,608.5517911543815,0.036626269773549214,0.00609291687338398,11.410911686589744,0.036,0.009872518170761839,lower_speed,tuned,0.01,0.05,0
0.20684106106573363,598.0204948743801,0.023292040596717634,0.004113451747522312,11.307121778938244,0.036,0.006817422737099994,lower_speed,tuned,0.01,0.05,1
0.21726946609672645,608.2902285913727,0.0510285788539806,0.0022980838232226075,11.38403702898174,0.036,0.01512626024499518,lower_speed,tuned,0.01,0.05,2
0.20201023827140688,615.5052929876425,0.06373512364888023,0.002631994210923083,11.416087026658776,0.032,0.012989788636368078,lower_speed,tuned,0.01,0.05,3
0.22422300000753514,606.6415113506256,0.054389177094608776,0.02665051346308256,11.37255679243055,0.028,0.01601464401665643,lower_speed,tuned,0.01,0.05,4
0.9611029326514021,348.1886119103625,0.0,0.049968746235311,10.030316812943472,0.0,0.011856626038151631,lower_speed,baseline,0.02,0.0,0
0.1878886665272328,572.8211242820541,0.06353115371520368,9.501150190716068e-06,11.633587064570516,0.028,2.0807799918537888e-05,lower_speed,tuned,0.02,0.0,0
0.9595457247935194,348.3980985274226,0.0,0.05027678900356414,10.027834063112993,0.0,0.011461444887843392,lower_speed,baseline,0.02,0.01,0
0.9633673028839226,347.6197673379278,0.0,0.05120366073293192,10.019564740762604,0.0,0.011920452508658676,lower_speed,baseline,0.02,0.01,1
0.959032238672247,348.4016308146588,0.0,0.04944106645344093,10.033589565823696,0.0,0.011739378336807415,lower_speed,baseline,0.02,0.01,2
0.9558253920558796,348.89433900853317,0.0,0.05004714514295361,10.022683384584909,0.0,0.011722990063739325,lower_speed,baseline,0.02,0.01,3
0.9644106391625524,347.54870918155655,0.0,0.050042131028003145,10.02472796525304,0.0,0.011515307294162454,lower_speed,baseline,0.02,0.01,4
0.19178132349214794,574.2182563869055,0.06150990768459896,0.0008493030111493827,11.549440547638657,0.028,0.0027620231230740724,lower_speed,tuned,0.02,0.01,0
0.19755977111163298,573.155960567496,0.0629936063196378,0.0008740347250266733,11.625630462355764,0.028,0.003940944983333124,lower_speed,tuned,0.02,0.01,1
0.19388138935498725,576.3801027548767,0.062035554617809074,0.00206437643860391,11.628382143533418,0.028,0.005167960493949413,lower_speed,tuned,0.02,0.01,2
0.18759144695921795,573.237663374671,0.061363933189667264,0.002876158682845631,11.619063447390669,0.028,0.0026878455427296975,lower_speed,tuned,0.02,0.01,3
0.19387328472874882,570.3152381232127,0.05649345684930818,0.001748888857661668,11.507829149742093,0.028,0.0019977603849542494,lower_speed,tuned,0.02,0.01,4
0.9533168933619943,350.36444218255895,0.0,0.05150896007657246,10.018501724132566,0.0,0.010054892002364339,lower_speed,baseline,0.02,0.05,0
0.9724247838140259,346.32955511017974,0.0,0.05614331872342171,9.981608497621531,0.0,0.012335207819101981,lower_speed,baseline,0.02,0.05,1
0.9507494627556159,350.31738294604855,0.0,0.04733034732595953,10.076323419488446,0.0,0.011929518600887081,lower_speed,baseline,0.02,0.05,2
0.934715229673792,352.7826495107488,0.0,0.050360740773524815,10.012959293627615,0.0,0.011244436973575812,lower_speed,baseline,0.02,0.05,3
0.9776414652071422,345.9271468739315,0.0,0.050335670198773164,10.030920591326103,0.0,0.01027609301246469,lower_speed,baseline,0.02,0.05,4
0.22761220550330571,619.8201479777426,0.057608957304794206,0.004305640002616906,11.412300214758309,0.032,0.013746902243284714,lower_speed,tuned,0.02,0.05,0
0.2395008920987314,619.133763455991,0.04062647462203173,0.004291857333671212,11.453681382733839,0.036,0.019729107420941985,lower_speed,tuned,0.02,0.05,1
0.2414534636153652,623.9676243853036,0.06938191135569172,0.010262495702253682,11.478028868294258,0.032,0.02587724521374615,lower_speed,tuned,0.02,0.05,2
0.2128068849441663,617.5685969212266,0.07644898926520827,0.014438361170160507,11.489925438929198,0.028,0.013474390099258455,lower_speed,tuned,0.02,0.05,3
0.21352179938138519,611.7624211892966,0.03935085028971985,0.008708259210112868,11.246480435112149,0.028,0.010022041102917429,lower_speed,tuned,0.02,0.05,4
0.9515705344453861,349.6500157391293,0.0,0.04991929104651016,10.03051249936599,0.0,0.011733133094505986,lower_speed,baseline,0.05,0.0,0
0.208493539561157,589.2031890940088,0.0836282093142321,5.3351226624642756e-05,11.742157883098677,0.03,0.00017334867128591486,lower_speed,tuned,0.05,0.0,0
0.948630622980347,350.34370856409913,0.0,0.049489428290611315,10.045144980958089,0.0,0.011204060471622486,lower_speed,baseline,0.05,0.01,0
0.9513015660136107,350.36929523853325,0.0,0.04743251823056538,10.061844418212525,0.0,0.01186888478340594,lower_speed,baseline,0.05,0.01,1
0.9389494580314108,351.3921118155381,0.0,0.05139298076184318,10.01496454435067,0.0,0.00998809796497676,lower_speed,baseline,0.05,0.01,2
0.9434155431897528,350.92704606531635,0.0,0.05098606248141946,10.02560402886973,0.0,0.010913371631152193,lower_speed,baseline,0.05,0.01,3
0.9519477537961423,349.54647771934094,0.0,0.05006998910424054,10.033099628771863,0.0,0.012429253366804572,lower_speed,baseline,0.05,0.01,4
0.21170816934940775,593.3398096024115,0.0862375200899167,0.0036749079927573813,11.665663472895814,0.03,0.003919001761715556,lower_speed,tuned,0.05,0.01,0
0.22444303885416256,596.4705648133918,0.09186971905320795,0.009293086284285268,11.824064097907643,0.03,0.0060423312153582145,lower_speed,tuned,0.05,0.01,1
0.21278749408572734,587.7066558044316,0.08595316627228089,0.0003285160668462517,11.649117026287591,0.03,0.005756155449572342,lower_speed,tuned,0.05,0.01,2
0.22361618400981823,596.8052301165667,0.0789910956796217,0.001729281958544715,11.897591178169048,0.03,0.007558329315726052,lower_speed,tuned,0.05,0.01,3
0.21332263636058368,587.4501234445298,0.0749328579004318,0.003007134130022515,11.669467856562727,0.03,0.005195108563826422,lower_speed,tuned,0.05,0.01,4
0.9368709771201731,354.35294824064516,0.0,0.04776997726701937,10.10367490732643,0.0,0.009499701477345697,lower_speed,baseline,0.05,0.05,0
0.9502256922865056,354.2268224143584,0.0,0.03748542696679169,10.187172093598614,0.0,0.013107587372331399,lower_speed,baseline,0.05,0.05,1
0.8884651523755053,359.66954610692653,0.0,0.057287739623172795,10.03284056959067,0.0,0.004994205953038003,lower_speed,baseline,0.05,0.05,2
0.9107955781672125,357.41470586715343,0.0,0.05525314822105265,10.005970146884735,0.0,0.01029260158225874,lower_speed,baseline,0.05,0.05,3
0.9534566311991555,350.11819335328744,0.0,0.050672781335160844,10.063289335971877,0.0,0.015566516108151764,lower_speed,baseline,0.05,0.05,4
0.25845818662188264,669.5595535021007,0.09671800491437044,0.018588633611122618,11.455142455513766,0.04,0.01967970805068717,lower_speed,tuned,0.05,0.05,0
0.3064541342836618,662.9223633852102,0.08534123396979354,0.04666946884820433,12.196477581651124,0.03,0.030472744829727734,lower_speed,tuned,0.05,0.05,1
0.26645561838405313,647.5494244958071,0.09756456792288326,0.0014457770403443204,11.662615849104979,0.04,0.029207742621074492,lower_speed,tuned,0.05,0.05,2
0.30618705998076906,677.3011030419772,0.09677403582770827,0.008777707056848216,12.027294917093235,0.05,0.03765100874806401,lower_speed,tuned,0.05,0.05,3
0.2598143022787121,635.3349773428052,0.06820708106192064,0.014821509286897627,11.917529767540515,0.03,0.026414183586707097,lower_speed,tuned,0.05,0.05,4
