time_s,current_A,speed_rad_s,voltage_V,load_Nm
0.0,0.0,0.0,19.71694146306328,0.0
0.005,0.1961868294173675,0.00048080478550655914,19.902920383515557,0.0
0.01,0.3922719942942481,0.0018808354975443449,20.07068100259886,0.0
0.015,0.5880751425714102,0.004141308771192195,20.221202677571256,0.0
0.02,0.7834274671958581,0.007206295843507968,20.355419971403737,0.0
0.025,0.9781711452577385,0.011022597420627459,20.47422456206088,0.0
0.03,1.1721588017177793,0.015539623764940613,20.57846707331589,0.0
0.035,1.3652529966993217,0.020709279790359934,20.6689588302594,0.0
0.04,1.5573257353606793,0.0264858549621723,20.746473542535814,0.0
0.045,1.748257999403555,0.03282591780610601,20.811748918219944,0.0
0.05,1.9379392993116398,0.03968821483906279,20.865488211131225,0.0
0.055,2.1262672464503924,0.047033573741472504,20.908361704270874,0.0
0.06,2.3131471441943723,0.054824810598438835,20.941008131960853,0.0
0.065,2.498491597282477,0.06302664104376851,20.96403604316038,0.0
0.07,2.682220138634038,0.07160559514762666,20.978025108337338,0.0
0.075,2.864258872890038,0.08052993589494646,20.983527372176912,0.0
0.08,3.0445401359737465,0.08976958110785442,20.981068454318912,0.0
0.085,3.2230021699939257,0.09929602867126089,20.97114870022773,0.0
0.09,3.3995888128414307,0.10908228492642146,20.95424428421495,0.0
0.095,3.574249201856605,0.11910279610270495,20.930808266553903,0.0
0.1,3.746937490970381,0.12933338266301905,20.90127160654809,0.0
0.105,3.9176125807464586,0.13975117644335192,20.866044133340964,0.0
0.11,4.086237860775454,0.15033456047169705,20.825515476183096,0.0
0.115,4.252780963894439,0.16106311135624585,20.780055955804173,0.0
0.12,4.417213531726945,0.17191754413716637,20.73001743847135,0.0
0.125,4.579510991059276,0.18287965950054375,20.675734154252197,0.0
0.13,4.739652340588902,0.19393229325714614,20.617523480939774,0.0
0.135,4.89761994759985,0.205059267992605,20.555686695038798,0.0
0.14,5.053399354138344,0.21624534679936733,20.490509691156113,0.0
0.145,5.206979092279599,0.22747618900439698,20.422263671084554,0.0
0.15,5.358350508093535,0.23873830781007543,20.3512058038178,0.0
0.155,5.507507593933458,0.25001902976909,20.27757985768405,0.0
0.16,5.654446828687264,0.26130645601729935,20.2016168057388,0.0
0.165,5.7991670256457,0.2725894251916424,20.123535405511042,0.0
0.17,5.941669187656556,0.2838574779631088,20.043542754153457,0.0
0.17500000000000002,6.081956369247366,0.2951008231176236,19.961834820004825,0.0
0.18,6.220033545412461,0.30631030512042207,19.87859695153228,0.0
0.185,6.355907486772818,0.31747737310210067,19.7940043645824,0.0
0.19,6.489586640829344,0.32859405120704166,19.708222608832276,0.0
0.195,6.621081019041857,0.33965291024731487,19.62140801429635,0.0
0.2,6.750402089477221,0.35064704060747326,19.533708118709875,0.0
0.20500000000000002,6.877562674780831,0.3615700263478778,19.44526207657707,0.0
0.21,7.002576855235906,0.37241592045631855,19.356201050640117,0.0
0.215,7.1254598766849515,0.38317922119974285,19.2666485864947,0.0
0.22,7.24622806309721,0.3938548495298668,19.176720971048475,0.0
0.225,7.364898733574986,0.40443812749832936,19.086527575490685,0.0
0.23,7.481490123600492,0.4149247576388583,18.99617118341423,0.0
0.23500000000000001,7.596021310333162,0.4253108032756544,18.905748304705497,0.0
0.24,7.708512141775449,0.43559266971886657,18.81534947579236,0.0
0.245,7.818983169632772,0.4457670863096304,18.725059546816876,0.0
0.25,7.927455585700691,0.45583108927868027,18.63495795627631,0.0
0.255,8.03395116161942,0.4657820053840171,18.545118993653958,0.0
0.26,8.138492191842607,0.4756174362945303,18.45561205054022,0.0
0.265,8.241101439673802,0.48533524368783,18.366501860723965,0.0
0.27,8.341802086230263,0.4949335350318489,18.277848729714854,0.0
0.275,8.440617682199754,0.5044106500210247,18.18970875413842,0.0
0.28,8.537572102261699,0.5137651476390739,18.102134031427845,0.0
0.28500000000000003,8.632689502049585,0.5229957938215198,18.01517286021915,0.0
0.29,8.725994277536758,0.5321015496922458,17.928869931839785,0.0
0.295,8.81751102673282,0.5410815603494012,17.84326651326498,0.0
0.3,8.907264513582696,0.5499351441770123,17.758400621900662,0.0
0.305,8.995279633965064,0.5586617826596202,17.674307192537373,0.0
0.31,9.081581383691312,0.5672611106782135,17.591018236805358,0.0
0.315,9.166194828410463,0.575732907266617,17.50856299544759,0.0
0.32,9.249145075329594,0.5840770868083639,17.42696808371458,0.0
0.325,9.330457246663183,0.5922936906549087,17.34625763017227,0.0
0.33,9.410156454728634,0.6003828791468302,17.266453409202484,0.0
0.335,9.488267778608769,0.6083449240204394,17.187574967463927,0.0
0.34,9.564816242305584,0.6161802011829367,17.109639744570686,0.0
0.34500000000000003,9.639826794312846,0.6238891838399683,17.032663188234675,0.0
0.35000000000000003,9.7133242885383,0.6314724359601006,16.956658864108356,0.0
0.355,9.7853334665093,0.6389306060613836,16.88163856055428,0.0
0.36,9.855878940798556,0.6462644213057891,16.807612388558773,0.0
0.365,9.924985179609546,0.6534746818879074,16.73458887699799,0.0
0.37,9.992676492463755,0.660562255704857,16.662575063456128,0.0
0.375,10.058977016934497,0.6675280732949075,16.591576580787258,0.0
0.38,10.123910706374547,0.6743731230328415,16.521597739604285,0.0
0.385,10.187501318587111,0.6810984465705876,16.452641606871083,0.0
0.39,10.249772405391987,0.6877051345121356,16.384710080766453,0.0
0.395,10.310747303040857,0.694194322312211,16.31780396198156,0.0
0.4,10.370449123437782,0.7005671863886318,16.251923021605947,0.0
0.405,10.428900746122887,0.7068249404386919,16.18706606575054,0.0
0.41000000000000003,10.486124810979204,0.7129688319503309,16.123230997050115,0.0
0.41500000000000004,10.542143711624359,0.7190001388992363,16.060414873181674,0.0
0.42,10.596979589450603,0.7249201666234043,15.998613962529426,0.0
0.425,10.650654328278335,0.7307302448670436,15.937823797121762,0.0
0.43,10.703189549589831,0.7364317249860538,15.878039222960265,0.0
0.435,10.754606608311454,0.7420259773076409,15.819254447855807,0.0
0.44,10.80492658911406,0.7475143886369504,15.761463086882019,0.0
0.445,10.854170303202741,0.7528983599039051,15.704658205551695,0.0
0.45,10.902358285568324,0.7581793039437221,15.648832360817375,0.0
0.455,10.949510792674424,0.7633586434048721,15.59397763999302,0.0
0.46,10.99564780055497,0.7684378087785029,15.540085697689644,0.0
0.465,11.040789003298372,0.7734182365436153,15.487147790853857,0.0
0.47000000000000003,11.084953811895597,0.7783013674225217,15.435154811994519,0.0
0.47500000000000003,11.128161353430475,0.783088644741354,15.38409732067909,0.0
0.48,11.170430470591622,0.7877815128906193,15.33396557337785,0.0
0.485,11.211779721486314,0.7923814158810123,15.284749551730805,0.0
0.49,11.252227379737624,0.7968897959899084,15.23643898930895,0.0
0.495,11.291791434846992,0.8013080924941562,15.189023396938502,0.0
0.5,11.330489592805291,0.8056377404849838,15.142492086653828,0.0
0.505,11.36833927693627,0.8098801697610127,15.096834194341914,0.0
0.51,11.405357628957017,0.814036803795553,15.052038701138658,0.0
0.515,11.441561510240874,0.8181090587745181,15.008094453634564,0.0
0.52,11.476967503268924,0.8220983427014629,14.964990182945058,0.0
0.525,11.511591913256876,0.8260060545663996,14.9227145226982,0.0
0.53,11.54545076994482,0.8298335835751978,14.88125602599035,0.0
0.535,11.578559829537962,0.8335823084365136,14.84060318135812,0.0
0.54,11.61093457678704,0.8372535967033323,14.80074442781293,0.0
0.545,11.642590227197696,0.8408488041663361,14.761668168982412,0.0
0.55,11.673541729358634,0.8443692742964356,14.723362786401033,0.0
0.555,11.703803767378911,0.8478163377339223,14.685816651990452,0.0
0.56,11.733390763425202,0.8511913118218135,14.649018139768383,0.0
0.5650000000000001,11.762316880350372,0.854495500181072,14.612955636823052,0.0
0.5700000000000001,11.790596024405131,0.8577301923254863,14.57761755358866,0.0
0.5750000000000001,11.818241848024984,0.8608966633140992,14.542992333455814,0.0
0.58,11.84526775268511,0.8639961734391679,14.509068461749308,0.0
0.585,11.8716868918162,0.8670299679477315,14.475834474104252,0.0
0.59,11.897512173774636,0.8699992767949489,14.443278964270219,0.0
0.595,11.922756264860814,0.8729053144274576,14.41139059137169,0.0
0.6,11.947431592379678,0.8757492795950794,14.380158086651909,0.0
0.605,11.971550347737928,0.8785323551892841,14.349570259725976,0.0
0.61,11.99512448957265,0.8812557081068874,14.319616004367955,0.0
0.615,12.0181657469064,0.8839204891375383,14.290284303855582,0.0
0.62,12.040685622324093,0.8865278328736141,14.261564235895156,0.0
0.625,12.062695395167289,0.8890788576412075,14.23344497714815,0.0
0.63,12.084206124741748,0.891574665450953,14.205915807380158,0.0
0.635,12.105228653534342,0.8940163419674984,14.178966113251839,0.0
0.64,12.125773610435697,0.8964049564964846,14.152585391770579,0.0
0.645,12.145851413965106,0.8987415619879511,14.126763253420885,0.0
0.65,12.1654722754945,0.9010271950551366,14.101489424990525,0.0
0.655,12.184646202468457,0.9032628760076935,14.076753752108825,0.0
0.66,12.203383001617434,0.9054496088983838,14.05254620151264,0.0
0.665,12.221692282161554,0.9075883815823682,14.028856863054914,0.0
0.67,12.239583459002503,0.9096801657882446,14.00567595146998,0.0
0.675,12.257065755901221,0.9117259172000324,13.982993807909171,0.0
0.68,12.274148208639248,0.9137265755493403,13.960800901259589,0.0
0.685,12.290839668161722,0.915683064716994,13.939087829258385,0.0
0.6900000000000001,12.307148803700183,0.9175962928434321,13.917845319414242,0.0
0.6950000000000001,12.32308410587347,0.9194671524472194,13.89706422974727,0.0
0.7000000000000001,12.33865388976509,0.9212965205510552,13.87673554935794,0.0
0.705,12.353866297975651,0.9230852588146876,13.856850398835212,0.0
0.71,12.368729303648928,0.9248342136741762,13.837400030513546,0.0
0.715,12.383250713470401,0.9265442164869706,13.818375828587989,0.0
0.72,12.397438170637063,0.9282160836823061,13.799769309096092,0.0
0.725,12.411299157797487,0.9298506169164369,13.781572119775031,0.0
0.73,12.424840999961212,0.9314486032322584,13.763776039801849,0.0
0.735,12.438070867376569,0.933010815222891,13.746372979424413,0.0
0.74,12.450995778376182,0.934538011198821,13.729354979490227,0.0
0.745,12.463622602189465,0.936030935358217,13.712714210879987,0.0
0.75,12.475958061721462,0.9374903179600614,13.696442973852342,0.0
0.755,12.488008736297514,0.9389168754997534,13.68053369730607,0.0
0.76,12.499781064373252,0.940311310886864,13.664978937965513,0.0
0.765,12.511281346209502,0.9416743136247366,13.649771379494869,0.0
0.77,12.522515746511742,0.9430065599916475,13.634903831546632,0.0
0.775,12.533490297033813,0.9443087132232554,13.620369228749201,0.0
0.78,12.544210899145632,0.9455814236960849,13.606160629638449,0.0
0.785,12.554683326364701,0.9468253291118048,13.592271215537739,0.0
0.79,12.564913226851267,0.9480410546820749,13.578694289390736,0.0
0.795,12.574906125867026,0.9492292133137493,13.565423274551039,0.0
0.8,12.584667428197296,0.9503904057942382,13.552451713532502,0.0
0.805,12.59420242053664,0.9515252209768392,13.53977326672392,0.0
0.81,12.603516273837938,0.9526342359658659,13.527381711071488,0.0
0.8150000000000001,12.61261404562497,0.953718016301407,13.515270938732364,0.0
0.8200000000000001,12.62150068226855,0.954777116143564,13.503434955702383,0.0
0.8250000000000001,12.63018102122637,0.9558120784560252,13.491867880420878,0.0
0.8300000000000001,12.638659793246628,0.9568234351888398,13.48056394235536,0.0
0.835,12.646941624535645,0.9578117074602696,13.469517480568678,0.0
0.84,12.655031038889632,0.9587774057376016,13.458722942271109,0.0
0.845,12.662932459790829,0.959721030016815,13.448174881359712,0.0
0.85,12.670650212468226,0.9606430700010001,13.43786795694716,0.0
0.855,12.678188525923128,0.9615440052774405,13.427796931882057,0.0
0.86,12.685551534919822,0.9624243054932696,13.417956671262756,0.0
0.865,12.692743281941638,0.9632844305296255,13.40834214094644,0.0
0.87,12.699767719112685,0.9641248306742306,13.398948406055242,0.0
0.875,12.706628710085594,0.9649459467923303,13.38977062948097,0.0
0.88,12.713330031895573,0.9657482104959298,13.38080407038998,0.0
0.885,12.719875376781129,0.9665320443112746,13.372044082729607,0.0
0.89,12.726268353971786,0.967297861844523,13.363486113737498,0.0
0.895,12.73251249144318,0.9680460679455687,13.355125702455043,0.0
0.9,12.738611237639862,0.9687770588699686,13.346958478246146,0.0
0.905,12.744567963166233,0.9694912224389439,13.338980159322327,0.0
0.91,12.75038596244593,0.9701889381974192,13.331186551275248,0.0
0.915,12.756068455350114,0.9708705775700731,13.323573545617549,0.0
0.92,12.761618588794995,0.9715365040153751,13.31613711833287,0.0
0.925,12.767039438309041,0.9721870731775876,13.308873328435924,0.0
0.93,12.772334009570239,0.9728226330367162,13.301778316543283,0.0
0.935,12.777505239913822,0.973443524056392,13.294848303455636,0.0
0.9400000000000001,12.78255599981088,0.9740500793296745,13.288079588752149,0.0
0.9450000000000001,12.787489094318255,0.9746426247227673,13.28146854939747,0.0
0.9500000000000001,12.792307264500133,0.9752214790166382,13.275011638361972,0.0
0.9550000000000001,12.797013188821747,0.9757869540465406,13.268705383255693,0.0
0.96,12.801609484515614,0.9763393548394336,13.26254638497642,0.0
0.965,12.806098708920702,0.976878979749302,13.25653131637235,0.0
0.97,12.810483360794956,0.9774061205903779,13.250656920919653,0.0
0.975,12.814765881601597,0.9779210627682671,13.244920011415314,0.0
0.98,12.818948656769594,0.9784240854089877,13.239317468685504,0.0
0.985,12.823034016928741,0.9789154614859282,13.233846240309772,0.0
0.99,12.827024239119726,0.9793954579447318,13.228503339361273,0.0
0.995,12.830921547979617,0.9798643358261208,13.223285843163245,0.0
1.0,12.83472811690317,0.9803223503866697,13.21819089206188,0.0
1.0050000000000001,12.838446069180357,0.9807697512175426,13.213215688215774,0.0
1.01,12.842077479110515,0.9812067823612061,13.208357494402039,0.0
1.0150000000000001,12.845624373093525,0.9816336824261355,13.203613632839199,0.0
1.02,12.849088730698409,0.9820506846995292,13.198981484026932,0.0
1.025,12.852472485709725,0.9824580172580475,13.194458485602722,0.0
1.03,12.85577752715219,0.9828559030765958,13.19004213121544,0.0
1.035,12.859005700293856,0.983244560135168,13.1857299694159,0.0
1.04,12.862158807628287,0.9836242015237723,13.18151960256435,0.0
1.045,12.865238609836052,0.9839950355454561,13.17740868575491,0.0
1.05,12.868246826725963,0.984357265817454,13.173394925756917,0.0
1.055,12.871185138156394,0.9847110913704763,13.169476079973125,0.0
1.06,12.874055184937049,0.9850567067461627,13.165649955414711,0.0
1.065,12.876858569711565,0.9853943020927202,13.161914407693008,0.0
1.07,12.879596857821278,0.9857240632587692,13.158267340027875,0.0
1.075,12.882271578150526,0.9860461718854202,13.154706702272636,0.0
1.08,12.884884223953826,0.9863608054966033,13.151230489955442,0.0
1.085,12.887436253665271,0.9866681375876735,13.147836743336985,0.0
1.09,12.889929091690497,0.9869683377123154,13.144523546484427,0.0
1.095,12.892364129181539,0.9872615715677716,13.141289026361395,0.0
1.1,12.894742724794913,0.9875480010784161,13.138131351933938,0.0
1.105,12.897066205433262,0.9878277844776989,13.135048733292273,0.0
1.11,12.89933586697086,0.9881010763884834,13.132039420788207,0.0
1.115,12.90155297496332,0.9883680279018022,13.129101704188027,0.0
1.12,12.903718765341793,0.988628786654054,13.126233911840744,0.0
1.125,12.905834445091985,0.988883496902665,13.123434409861522,0.0
1.1300000000000001,12.907901192918278,0.9891322996002406,13.120701601330078,0.0
1.135,12.909920159893264,0.989375332467229,13.11803392550395,0.0
1.1400000000000001,12.911892470092981,0.9896127300631209,13.115429857046388,0.0
1.145,12.913819221218132,0.9898446238562101,13.112887905268746,0.0
1.1500000000000001,12.915701485201588,0.9900711422919369,13.110406613387147,0.0
1.155,12.917540308802433,0.990292410859839,13.107984557793271,0.0
1.16,12.919336714186846,0.9905085521591314,13.10562034733907,0.0
1.165,12.921091699496069,0.990719685962941,13.103312622635192,0.0
1.17,12.92280623940174,0.9909259292812166,13.101060055362993,0.0
1.175,12.924481285648861,0.9911273964223372,13.098861347599874,0.0
1.18,12.926117767586618,0.991324199053443,13.096715231157797,0.0
1.185,12.927716592687357,0.9915164462595101,13.094620466934767,0.0
1.19,12.929278647053927,0.9917042446011901,13.092575844279114,0.0
1.195,12.930804795915638,0.9918876981714396,13.090580180366333,0.0
1.2,12.932295884113088,0.9920669086509583,13.088632319588356,0.0
1.205,12.933752736572082,0.9922419753624585,13.08673113295501,0.0
1.21,12.935176158766863,0.9924129953237885,13.08487551750748,0.0
1.215,12.93656693717291,0.992580063299928,13.08306439574363,0.0
1.22,12.9379258397095,0.9927432718538798,13.081296715054908,0.0
1.225,12.939253616172245,0.9929027113964757,13.07957144717473,0.0
1.23,12.940550998655857,0.9930584702351178,13.07788758763811,0.0
1.235,12.941818701967305,0.9932106346214766,13.07624415525233,0.0
1.24,12.943057424029599,0.9933592887981626,13.07464019157853,0.0
1.245,12.944267846276384,0.9935045150443947,13.073074760423962,0.0
1.25,12.945450634037568,0.9936463937206819,13.07154694734476,0.0
1.2550000000000001,12.946606436916143,0.9937850033125379,13.070055859159048,0.0
1.26,12.947735889156418,0.9939204204732495,13.068600623470175,0.0
1.2650000000000001,12.948839610003834,0.9940527200657129,13.06718038819994,0.0
1.27,12.949918204056557,0.9941819752033613,13.065794321131586,0.0
1.2750000000000001,12.950972261609019,0.9943082572901972,13.064441609462424,0.0
1.28,12.952002358987578,0.9944316360599507,13.063121459365885,0.0
1.285,12.953009058878486,0.994552179614378,13.061833095562847,0.0
1.29,12.95399291064832,0.9946699544607205,13.060575760902053,0.0
1.295,12.95495445065705,0.9947850255483383,13.059348715949463,0.0
1.3,12.955894202563895,0.9948974563045366,13.058151238586374,0.0
1.305,12.956812677626143,0.9950073086696016,13.05698262361612,0.0
1.31,12.957710374991068,0.9951146431310597,13.05584218237923,0.0
1.315,12.958587781981123,0.9952195187571785,13.054729242376848,0.0
1.32,12.95944537437254,0.9953219932297237,13.053643146902276,0.0
1.325,12.960283616667487,0.995422122875987,13.052583254680487,0.0
1.33,12.961102962359922,0.9955199627001011,13.051548939515431,0.0
1.335,12.961903854195302,0.9956155664136555,13.050539589945005,0.0
1.34,12.962686724424264,0.9957089864656279,13.049554608903541,0.0
1.345,12.963451995050416,0.9958002740716461,13.04859341339164,0.0
1.35,12.964200078072388,0.9958894792425933,13.047655434153228,0.0
1.355,12.964931375720239,0.9959766508125715,13.046740115359688,0.0
1.36,12.96564628068639,0.9960618364662358,13.045846914300913,0.0
1.365,12.966345176351156,0.9961450827655137,13.044975301083165,0.0
1.37,12.967028437003052,0.9962264351757213,13.044124758333579,0.0
1.375,12.967696428053939,0.9963059380910898,13.043294780911213,0.0
1.3800000000000001,12.96834950624917,0.9963836348597156,13.04248487562445,0.0
1.385,12.968988019872823,0.9964595678079443,13.041694560954705,0.0
1.3900000000000001,12.969612308948134,0.9965337782642032,13.040923366786226,0.0
1.395,12.970222705433265,0.9966063065822917,13.040170834141934,0.0
1.4000000000000001,12.97081953341247,0.9966771921641429,13.039436514925129,0.0
1.405,12.9714031092828,0.9967464734820674,13.038719971666966,0.0
1.41,12.971973741936432,0.99681418810049,13.038020777279575,0.0
1.415,12.972531732938728,0.9968803726971912,13.037338514814703,0.0
1.42,12.973077376702113,0.9969450630840626,13.036672777227766,0.0
1.425,12.973610960655874,0.9970082942273889,13.036023167147222,0.0
1.43,12.974132765411982,0.9970701002676654,13.035389296649086,0.0
1.435,12.974643064927006,0.9971305145389613,13.034770787036573,0.0
1.44,12.975142126660229,0.997189569587839,13.034167268624678,0.0
1.445,12.97563021172804,0.9972472971918395,13.033578380529635,0.0
1.45,12.9761075750547,0.9973037283775422,13.033003770463132,0.0
1.455,12.976574465519555,0.99735889343821,13.0324430945312,0.0
1.46,12.977031126100778,0.9974128219510279,13.03189601703765,0.0
1.465,12.977477794015728,0.9974655427939436,13.031362210291977,0.0
1.47,12.977914700858,0.9975170841621213,13.030841354421643,0.0
1.475,12.97834207273123,0.9975674735840134,13.030333137188613,0.0
1.48,12.978760130379769,0.9976167379370628,13.029837253810104,0.0
1.485,12.979169089316233,0.9976649034630405,13.029353406783391,0.0
1.49,12.979569159946077,0.9977119957830287,13.028881305714648,0.0
1.495,12.979960547689199,0.9977580399120572,13.028420667151682,0.0
1.5,12.980343453098676,0.9978030602733996,13.02797121442051,0.0
1.5050000000000001,12.9807180719767,0.9978470807125379,13.027532677465688,0.0
1.51,12.981084595487753,0.9978901245108032,13.027104792694287,0.0
1.5150000000000001,12.981443210269118,0.9979322143986987,13.02668730282347,0.0
1.52,12.981794098538765,0.9979733725689135,13.026279956731585,0.0
1.5250000000000001,12.982137438200681,0.9980136206890325,13.025882509312655,0.0
1.53,12.982473402947702,0.9980529799139511,13.025494721334258,0.0
1.5350000000000001,12.98280216236191,0.9980914708979999,13.025116359298664,0.0
1.54,12.983123882012645,0.9981291138067866,13.024747195307185,0.0
1.545,12.983438723552192,0.9981659283287618,13.02438700692767,0.0
1.55,12.983746844809195,0.9982019336865142,13.024035577065055,0.0
1.555,12.984048399879857,0.9982371486478017,13.02369269383492,0.0
1.56,12.984343539216967,0.9982715915363248,13.023358150439977,0.0
1.565,12.984632409716813,0.9983052802422478,13.02303174504941,0.0
1.57,12.984915154804034,0.998338232232473,13.02271328068105,0.0
1.575,12.985191914514447,0.9983704645606745,13.022402565086253,0.0
1.58,12.985462825575905,0.9984019938770972,13.022099410637479,0.0
1.585,12.985728021487235,0.998432836438125,13.021803634218479,0.0
1.59,12.985987632595293,0.9984630081156245,13.021515057117059,0.0
1.595,12.986241786170186,0.99849252440607,13.021233504920312,0.0
1.6,12.986490606478702,0.9985214004394526,13.020958807412333,0.0
1.605,12.986734214855986,0.9985496509879815,13.020690798474295,0.0
1.61,12.986972729775518,0.9985772904745792,13.020429315986872,0.0
1.615,12.987206266917418,0.998604332981177,13.020174201734957,0.0
1.62,12.987434939235115,0.9986307922568156,13.019925301314583,0.0
1.625,12.987658857020435,0.9986566817255543,13.01968246404205,0.0
1.6300000000000001,12.987878127967136,0.998682014494194,13.019445542865178,0.0
1.635,12.988092857232921,0.9987068033598177,13.019214394276627,0.0
1.6400000000000001,12.98830314749998,0.9987310608171533,13.018988878229276,0.0
1.645,12.988509099034076,0.9987547990657629,13.018768858053564,0.0
1.6500000000000001,12.988710809742223,0.9987780300170611,13.018554200376803,0.0
1.655,12.988908375228997,0.998800765301169,13.01834477504436,0.0
1.6600000000000001,12.989101888851486,0.9988230162736048,13.018140455042724,0.0
1.665,12.989291441772941,0.9988447940218171,13.017941116424353,0.0
1.67,12.989477123015131,0.9988661093715632,13.017746638234323,0.0
1.675,12.98965901950946,0.9988869728931358,13.017556902438693,0.0
1.68,12.989837216146851,0.998907394907444,13.017371793854553,0.0
1.685,12.990011795826446,0.9989273854919481,13.017191200081736,0.0
1.69,12.990182839503136,0.9989469544864555,13.017015011436145,0.0
1.695,12.990350426233954,0.998966111498778,13.01684312088464,0.0
1.7,12.99051463322336,0.9989848659102555,13.016675423981487,0.0
1.705,12.990675535867442,0.9990032268811486,13.016511818806288,0.0
1.71,12.99083320779706,0.9990212033559033,13.016352205903397,0.0
1.715,12.990987720919954,0.9990388040682902,13.016196488222768,0.0
1.72,12.991139145461847,0.9990560375464221,13.016044571062208,0.0
1.725,12.991287550006565,0.9990729121176528,13.015896362010984,0.0
1.73,12.99143300153519,0.9990894359133582,13.015751770894786,0.0
1.735,12.991575565464284,0.9991056168736049,13.015610709721992,0.0
1.74,12.991715305683192,0.9991214627517075,13.015473092631197,0.0
1.745,12.991852284590449,0.9991369811186774,13.015338835840012,0.0
1.75,12.991986563129323,0.9991521793675656,13.015207857595053,0.0
1.7550000000000001,12.992118200822501,0.9991670647177022,13.015080078123145,0.0
1.76,12.99224725580594,0.9991816442188354,13.01495541958367,0.0
1.7650000000000001,12.992373784861918,0.9991959247551714,13.014833806022049,0.0
1.77,12.992497843451279,0.9992099130493183,13.014715163324349,0.0
1.7750000000000001,12.992619485744914,0.9992236156661362,13.014599419172955,0.0
1.78,12.992738764654494,0.9992370390164951,13.014486503003296,0.0
1.7850000000000001,12.992855731862441,0.9992501893609436,13.014376345961624,0.0
1.79,12.992970437851216,0.9992630728132902,13.014268880863776,0.0
1.795,12.99308293193187,0.9992756953440989,13.014164042154933,0.0
1.8,12.993193262271934,0.9992880627841014,13.01406176587034,0.0
1.805,12.99330147592263,0.9993001808275285,13.013961989596956,0.0
1.81,12.993407618845435,0.9993120550353607,13.013864652436038,0.0
1.815,12.993511735938,0.999323690838503,13.013769694966594,0.0
1.82,12.993613871059456,0.9993350935408826,13.013677059209726,0.0
1.825,12.993714067055103,0.9993462683224726,13.013586688593827,0.0
1.83,12.993812365780522,0.9993572202422447,13.013498527920603,0.0
1.835,12.993908808125093,0.9993679542410498,13.013412523331915,0.0
1.84,12.994003434034953,0.9993784751444312,13.01332862227741,0.0
1.845,12.994096282535414,0.9993887876653694,13.013246773482921,0.0
1.85,12.994187391752828,0.9993988964069623,13.013166926919647,0.0
1.855,12.994276798935932,0.9994088058650407,13.013089033774047,0.0
1.86,12.994364540476692,0.9994185204307212,13.01301304641847,0.0
1.865,12.994450651930633,0.9994280443928989,13.012938918382481,0.0
1.87,12.994535168036682,0.9994373819406793,13.01286660432489,0.0
1.875,12.994618122736549,0.9994465371657534,13.01279606000642,0.0
1.8800000000000001,12.994699549193623,0.9994555140647144,13.012727242263074,0.0
1.885,12.994779479811433,0.9994643165413208,13.012660108980104,0.0
1.8900000000000001,12.994857946251653,0.9994729484087037,13.012594619066634,0.0
1.895,12.994934979451683,0.999481413391522,13.01253073243088,0.0
1.9000000000000001,12.995010609641804,0.9994897151280665,13.012468409955945,0.0
1.905,12.995084866361923,0.999497857172313,13.012407613476242,0.0
1.9100000000000001,12.995157778477918,0.999505842995926,13.012348305754447,0.0
1.915,12.995229374197587,0.9995136759902158,13.012290450459012,0.0
1.92,12.995299681086216,0.9995213594680467,13.012234012142239,0.0
1.925,12.995368726081777,0.9995288966657014,13.012178956218854,0.0
1.93,12.995436535509757,0.9995362907447002,13.012125248945118,0.0
1.935,12.995503135097634,0.9995435447935755,13.01207285739843,0.0
1.94,12.995568549989002,0.999550661829606,13.012021749457425,0.0
1.945,12.995632804757365,0.9995576448005069,13.011971893782551,0.0
1.95,12.995695923419591,0.9995644965860819,13.011923259797117,0.0
1.955,12.99575792944905,0.999571219999834,13.01187581766879,0.0
1.96,12.995818845788435,0.9995778177905387,13.011829538291543,0.0
1.965,12.995878694862276,0.9995842926437787,13.011784393268044,0.0
1.97,12.99593749858915,0.9995906471834427,13.011740354892456,0.0
1.975,12.99599527839361,0.9995968839731878,13.011697396133666,0.0
1.98,12.99605205521781,0.999603005517867,13.011655490618905,0.0
1.985,12.99610784953287,0.999609014264922,13.011614612617782,0.0
1.99,12.996162681349952,0.999614912605744,13.011574737026683,0.0
1.995,12.996216570231088,0.9996207028770001,13.011535839353558,0.0
2.0,12.996269535299732,0.9996263873619297,13.011497895703075,0.02
2.005,12.99632208295834,0.9899500418561914,13.202358859538926,0.02
2.0100000000000002,12.9982741380488,0.9808875628487195,13.38300758160697,0.02
2.015,13.002005127064955,0.9724092181192193,13.553910304671383,0.02
2.02,13.007400318313175,0.9644865771960692,13.71551341642164,0.02
2.025,13.014350566097251,0.9570924570870476,13.868244265058188,0.02
2.0300000000000002,13.022752065569192,0.9502008702131111,14.012511942048125,0.02
2.035,13.03250611781293,0.9437869744571509,14.148708033356778,0.02
2.04,13.043518904745229,0.9378270252431462,14.277207340409474,0.02
2.045,13.055701273434714,0.9322983295644821,14.398368571988316,0.02
2.05,13.068968529455947,0.927179201883421,14.512535008221091,0.02
2.055,13.08324023891075,0.9224489218268069,14.620035137773822,0.02
2.06,13.098440038763748,0.9180876936060558,14.721183269314416,0.02
2.065,13.114495455153223,0.9140766070923338,14.81628011827279,0.02
2.07,13.131337729351968,0.9103976004805721,14.905613369882209,0.02
2.075,13.148901651065833,0.9070334244785939,14.989458219447721,0.02
2.08,13.167125398770253,0.9039676079601646,15.068077890750072,0.02
2.085,13.185950386796986,0.9011844250231985,15.141724133457636,0.02
2.09,13.205321118894917,0.8986688633966962,15.21063770038427,0.02
2.095,13.225185047999826,0.8964065941422221,15.275048805397955,0.02
2.1,13.24549244195869,0.894383942597889,15.335177562753103,0.02
2.105,13.266196254964312,0.8925878605148809,15.39123440858891,0.02
2.11,13.287252004465884,0.8910058993385361,15.443420505306669,0.02
2.115,13.308617653330549,0.8896261845879156,15.491928129510734,0.02
2.12,13.330253497040037,0.8884373912896187,15.536941044170721,0.02
2.125,13.352122055715183,0.8874287204233654,15.57863485563642,0.02
2.13,13.374187970769482,0.8865898763385575,15.61717735611192,0.02
2.1350000000000002,13.396417906000817,0.8859110451026524,15.652728852171348,0.02
2.14,13.418780452938256,0.885382873743746,15.685442479875572,0.02
2.145,13.44124604026813,0.8849964503512566,15.715464507026969,0.02
2.15,13.463786847170775,0.8847432850000417,15.742934623078137,0.02
2.1550000000000002,13.48637672040608,0.8846152914646629,15.767986217189835,0.02
2.16,13.50899109499255,0.8846047696918384,15.790746644913913,0.02
2.165,13.531606918330885,0.8847043890004012,15.811337483957955,0.02
2.17,13.554202577629056,0.8849071719793014,15.82987477947035,0.02
2.1750000000000003,13.576757830491731,0.8852064790553718,15.84646927926696,0.02
2.18,13.599253738542389,0.8855959937037001,15.861226659403922,0.02
2.185,13.621672603951826,0.8860697082745406,15.874247740484927,0.02
2.19,13.643997908751894,0.8866219104117358,15.885628695076008,0.02
2.195,13.666214256818211,0.8872471700386235,15.895461246585882,0.02
2.2,13.688307318410317,0.8879403268883606,15.903832859955772,0.02
2.205,13.71026377716226,0.8886964785565217,15.910826924488898,0.02
2.21,13.732071279421001,0.8895109690547157,15.916522929136626,0.02
2.215,13.75371838583414,0.8903793778448135,15.920996630545762,0.02
2.22,13.775194525092523,0.8912975093341977,15.924320214159218,0.02
2.225,13.796489949737111,0.8922613828132332,15.926562448650742,0.02
2.23,13.817595693943224,0.8932672228169051,15.927788833963119,0.02
2.235,13.838503533198768,0.894311449893301,15.928061743208582,0.02
2.24,13.859205945796512,0.8953906717623052,15.927440558679814,0.02
2.245,13.87969607606371,0.8965016748485422,15.925981802210005,0.02
2.25,13.899967699255523,0.897641416173246,15.923739260110946,0.02
2.255,13.920015188041711,0.8988070155903515,15.92076410290895,0.02
2.2600000000000002,13.939833480518919,0.8999957483526883,15.91710500008966,0.02
2.265,13.959418049683718,0.9012050379947328,15.912808230054297,0.02
2.27,13.978764874304158,0.9024324495189139,15.907917785481931,0.02
2.275,13.997870411130195,0.9036756828729925,15.902475474284401,0.02
2.2800000000000002,14.016731568385781,0.9049325667065397,15.896521016333223,0.02
2.285,14.035345680487765,0.9062010523950178,15.890092136130505,0.02
2.29,14.053710483939026,0.9074792083204342,15.883224651589105,0.02
2.295,14.071824094345397,0.9087652143979812,15.875952559080558,0.02
2.3000000000000003,14.08968498450806,0.9100573568385047,15.868308114903037,0.02
2.305,14.107291963545041,0.9113540231370515,15.860321913315435,0.02
2.31,14.124644156997407,0.9126536972781409,15.852022961277832,0.02
2.315,14.141740987877538,0.9139549551487853,15.84343875003299,0.02
2.32,14.158582158618676,0.9152564601506439,15.834595323658084,0.02
2.325,14.17516763388661,0.916556959003047,15.825517344710713,0.02
2.33,14.191497624215978,0.9178552777289593,15.81622815708825,0.02
2.335,14.20757257043524,0.9191503178162728,15.806749846214794,0.02
2.34,14.22339312884588,0.9204410525471304,15.797103296665393,0.02
2.345,14.238960157122795,0.9217265234882744,15.787308247332806,0.02
2.35,14.254274700904244,0.9230058371357011,15.777383344237832,0.02
2.355,14.269337981041016,0.9242781617071724,15.767346191080145,0.02
2.36,14.284151381475791,0.9255427240764026,15.757213397622706,0.02
2.365,14.298716437724817,0.9267988068429843,15.747000625999023,0.02
2.37,14.313034825935254,0.9280457455323623,15.736722635028983,0.02
2.375,14.327108352492623,0.929282925920395,15.726393322625485,0.02
2.38,14.340938944153867,0.930509781477267,15.716025766370784,0.02
2.3850000000000002,14.354528638682599,0.9317257909257278,15.705632262338263,0.02
2.39,14.367879575964018,0.9329304759088369,15.695224362232354,0.02
2.395,14.380993989578052,0.9341233987625955,15.684812908916275,0.02
2.4,14.39387419881003,0.9353041603890292,15.674408070394529,0.02
2.4050000000000002,14.40652260107922,0.9364723982254719,15.664019372314339,0.02
2.41,14.418941664766276,0.9376277843059717,15.65365572904765,0.02
2.415,14.431133922421525,0.938770023410909,15.643325473412762,0.02
2.42,14.443101964336742,0.9398988513010758,15.633036385092321,0.02
2.4250000000000003,14.454848432463821,0.9410140330326207,15.622795717802047,0.02
2.43,14.466376014664458,0.9421153613494101,15.612610225262426,0.02
2.435,14.477687439275625,0.9432026551494993,15.602486186023388,0.02
2.44,14.488785469976284,0.9442757580225418,15.592429427190064,0.02
2.445,14.499672900941384,0.9453345368550979,15.582445347095627,0.02
2.45,14.510352552269824,0.9463788805009263,15.572538936965502,0.02
2.455,14.520827265673587,0.9474086985134648,15.562714801615272,0.02
2.46,14.531099900415851,0.9484239199378204,15.552977179223003,0.02
2.465,14.541173329486362,0.9494244921597014,15.543329960214972,0.02
2.47,14.551050436002896,0.9504103798088268,15.533776705302241,0.02
2.475,14.560734109828099,0.9513815637144559,15.524320662703916,0.02
2.48,14.570227244391463,0.9523380399107731,15.514964784591577,0.02
2.485,14.579532733706653,0.9532798186899609,15.505711742787847,0.02
2.49,14.588653469574798,0.9542069237008816,15.496563943750775,0.02
2.495,14.597592338964796,0.9551193910913767,15.487523542874388,0.02
2.5,14.606352221562076,0.9560172686922748,15.478592458134523,0.02
2.505,14.61493598747758,0.9569006152412778,15.46977238310787,0.02
2.5100000000000002,14.623346495109185,0.9577694996449727,15.461064799391,0.02
2.515,14.631586589148032,0.9586240002772898,15.452470988445025,0.02
2.52,14.63965909872262,0.9594642043127961,15.44399204289053,0.02
2.525,14.64756683567382,0.960290207093284,15.435628877276356,0.02
2.5300000000000002,14.655312592954262,0.9611021115261752,15.427382238344864,0.02
2.535,14.662899143145856,0.9619000275133259,15.419252714815384,0.02
2.54,14.670329237089447,0.9626840714088776,15.411240746706627,0.02
2.545,14.677605602620947,0.9634543655048527,15.403346634217984,0.02
2.5500000000000003,14.684730943408429,0.9642110375432532,15.39557054618886,0.02
2.555,14.691707937885042,0.9649542202534683,15.387912528154327,0.02
2.56,14.698539238272721,0.9656840509138521,15.380372510014633,0.02
2.565,14.705227469691982,0.966400670936376,15.372950313335457,0.02
2.57,14.711775229353242,0.9671042254733114,15.365645658294977,0.02
2.575,14.718185085825354,0.9677948630449382,15.358458170293229,0.02
2.58,14.724459578377223,0.9684727351873214,15.351387386238587,0.02
2.585,14.730601216388553,0.9691379961192361,15.344432760525502,0.02
2.59,14.736612478825972,0.9697908024273615,15.33759367071717,0.02
2.595,14.742495813780938,0.970431312768901,15.330869422946117,0.02
2.6,14.748253638066021,0.9710596875908246,15.32425925704518,0.02
2.605,14.753888336866272,0.9716760888649596,15.317762351420882,0.02
2.61,14.759402263442578,0.9722806798381929,15.311377827680632,0.02
2.615,14.76479773888404,0.9728736247970776,15.305104755024743,0.02
2.62,14.770077051906538,0.9734550888461683,15.298942154413766,0.02
2.625,14.77524245869478,0.974025237699437,15.292889002521244,0.02
2.63,14.780296182785284,0.9745842374841527,15.286944235481505,0.02
2.6350000000000002,14.785240414987824,0.9751322545566294,15.281106752441737,0.02
2.64,14.79007731334303,0.9756694553292797,15.275375418927222,0.02
2.645,14.794809003113901,0.9761960061084289,15.269749070028162,0.02
2.65,14.799437576809135,0.976712072942373,15.264226513416258,0.02
2.6550000000000002,14.80396509423625,0.9772178214791856,15.258806532198749,0.02
2.66,14.808393582582598,0.9777134168337973,15.253487887617426,0.02
2.665,14.812725036522428,0.9781990234638981,15.248269321599677,0.02
2.67,14.816961418348296,0.9786748050542257,15.243149559168415,0.02
2.6750000000000003,14.821104658125138,0.9791409244088286,15.238127310717415,0.02
2.68,14.82515665386548,0.979597543350907,15.233201274158269,0.02
2.685,14.82911927172426,0.9800448226298525,15.22837013694501,0.02
2.69,14.832994346211875,0.9804829218351268,15.223632577982032,0.02
2.695,14.836783680424102,0.9809119993166319,15.218987269420877,0.02
2.7,14.840489046287608,0.9813322121112439,15.214432878351037,0.02
2.705,14.84411218481986,0.981743715875193,15.20996806838986,0.02
2.71,14.847654806402264,0.9821466648219905,15.205591501176306,0.02
2.715,14.851118591065461,0.9825412116656136,15.201301837773146,0.02
2.72,14.854505188785744,0.9829275075686744,15.19709773998202,0.02
2.725,14.857816219791605,0.9833057020953108,15.192977871575511,0.02
2.73,14.861053274879513,0.9836759431685479,15.188940899450275,0.02
2.735,14.86421791573801,0.9840383770318927,15.184985494705067,0.02
2.74,14.867311675279321,0.9843931482149324,15.181110333647286,0.02
2.745,14.870336057977688,0.9847403995027202,15.17731409873162,0.02
2.75,14.873292540213667,0.9850802719087391,15.173595479434079,0.02
2.755,14.876182570623708,0.9854129046512483,15.169953173064666,0.02
2.7600000000000002,14.879007570454347,0.9857384351328203,15.166385885521713,0.02
2.765,14.88176893392037,0.9860569989228913,15.162892331990836,0.02
2.77,14.88446802856638,0.9863687297431513,15.1594712375913,0.02
2.775,14.887106195631198,0.986673759455611,15.156121337972456,0.02
2.7800000000000002,14.889684750414567,0.9869722180531898,15.15284137986282,0.02
2.785,14.89220498264568,0.9872642336526753,15.149630121574212,0.02
2.79,14.894668156853053,0.9875499324899133,15.146486333463299,0.02
2.795,14.897075512735306,0.9878294389170934,15.143408798352766,0.02
2.8000000000000003,14.899428265532459,0.9881028754020018,15.140396311914223,0.02
2.805,14.901727606397332,0.9883703625291181,15.13744768301491,0.02
2.81,14.903974702766703,0.9886320190024415,15.134561734030074,0.02
2.815,14.906170698731879,0.9888879616499332,15.131737301122934,0.02
2.82,14.908316715408368,0.9891383054294723,15.128973234493948,0.02
2.825,14.910413851304352,0.9893831634362223,15.12626839860108,0.02
2.83,14.912463182687677,0.989622646911315,15.123621672352675,0.02
2.835,14.914465763951126,0.9898568652517594,15.121031949274462,0.02
2.84,14.916422627975695,0.9900859260214918,15.11849813765214,0.02
2.845,14.918334786491696,0.9903099349634821,15.116019160650964,0.02
2.85,14.92020323043744,0.9905289960128214,15.113593956413622,0.02
2.855,14.922028930315328,0.9907432113107161,15.111221478137683,0.02
2.86,14.923812836545164,0.9909526812193173,15.108900694133832,0.02
2.865,14.925555879814544,0.9911575043373217,15.106630587866007,0.02
2.87,14.927258971426138,0.9913577775162776,15.104410157974574,0.02
2.875,14.92892300364176,0.9915535958775394,15.102238418283525,0.02
2.88,14.930548850023074,0.9917450528298118,15.100114397792757,0.02
2.8850000000000002,14.932137365768838,0.991932240087231,15.098037140656308,0.02
2.89,14.933689388048576,0.9921152476879317,15.096005706147489,0.02
2.895,14.935205736332566,0.9922941640130518,15.09401916861177,0.02
2.9,14.936687212718098,0.99246907580613,15.092076617408182,0.02
2.9050000000000002,14.938134602251877,0.9926400681928518,15.09017715684008,0.02
2.91,14.939548673248543,0.9928072247011046,15.088319906075924,0.02
2.915,14.940930177605228,0.9929706272813027,15.086503999060863,0.02
2.92,14.942279851112092,0.9931303563269461,15.084728584419686,0.02
2.9250000000000003,14.943598413758815,0.9932864906953792,15.082992825351846,0.02
2.93,14.944886570036987,0.9934391077287162,15.081295899519132,0.02
2.935,14.94614500923836,0.9935882832749037,15.079636998926542,0.02
2.94,14.947374405748969,0.9937340917088913,15.07801532979691,0.02
2.945,14.948575419339047,0.9938766059538837,15.07643011243979,0.02
2.95,14.94974869544877,0.9940158975026484,15.074880581115098,0.02
2.955,14.950894865469797,0.9941520364388552,15.073365983891943,0.02
2.96,14.952014547022587,0.9942850914584257,15.071885582503104,0.02
2.965,14.95310834422953,0.9944151298908713,15.070438652195564,0.02
2.97,14.954176847983849,0.9945422177206004,15.06902448157747,0.02
2.975,14.955220636214316,0.9946664196081753,15.067642372461917,0.02
2.98,14.95624027414577,0.994787798911504,15.066291639707877,0.02
2.985,14.957236314555463,0.9949064177069482,15.064971611058638,0.02
2.99,14.95820929802524,0.9950223368103337,15.063681626978006,0.02
2.995,14.959159753189585,0.9951356157978497,15.062421040484645,0.02
3.0,14.960088196979541,0.9952463130268235,15.061189216984744,0.02
3.005,14.96099513486254,0.9953544856563582,15.05998553410335,0.02
3.0100000000000002,14.961881061078165,0.9954601896678227,15.05880938151457,0.02
3.015,14.96274645886988,0.9955634798851839,15.05766016077088,0.02
3.02,14.963591800712742,0.9956644099951715,15.056537285131762,0.02
3.025,14.964417548537153,0.9957630325672656,15.055440179391894,0.02
3.0300000000000002,14.965224153948666,0.995859399073501,15.054368279709045,0.02
3.035,14.966012058443892,0.9959535599080783,15.053321033431905,0.02
3.04,14.966781693622544,0.9960455644067783,15.052297898927977,0.02
3.045,14.967533481395652,0.9961354608661702,15.05129834541171,0.02
3.0500000000000003,14.968267834190007,0.9962232965626105,15.050321852773042,0.02
3.055,14.968985155148847,0.9963091177710265,15.049367911406442,0.02
3.06,14.969685838328852,0.9963929697834801,15.048436022040628,0.02
3.065,14.970370268893483,0.9964748969275086,15.04752569556906,0.02
3.0700000000000003,14.971038823302706,0.9965549425842372,15.046636452881337,0.02
3.075,14.97169186949915,0.9966331492062623,15.045767824695574,0.02
3.08,14.97232976709074,0.9967095583353022,15.044919351391883,0.02
3.085,14.97295286752986,0.9967842106196109,15.044090582847055,0.02
3.09,14.973561514289086,0.9968571458311571,15.043281078270486,0.02
3.095,14.974156043033526,0.9969284028825632,15.042490406041468,0.02
3.1,14.97473678178984,0.9969980198438042,15.0417181435479,0.02
3.105,14.975304051111959,0.9970660339586669,15.040963877026472,0.02
3.11,14.97585816424357,0.9971324816609667,15.0402272014044,0.02
3.115,14.976399427277409,0.9971973985905229,15.03950772014276,0.02
3.12,14.976928139311399,0.9972608196088925,15.038805045081466,0.02
3.125,14.977444592601703,0.9973227788148609,15.038118796285941,0.02
3.13,14.97794907271272,0.9973833095596925,15.037448601895532,0.02
3.1350000000000002,14.978441858664077,0.9974424444621397,15.036794097973681,0.02
3.14,14.978923223074668,0.9975002154232115,15.036154928359908,0.02
3.145,14.979393432303793,0.9975566536407033,15.035530744523612,0.02
3.15,14.979852746589422,0.9976117896234882,15.034921205419751,0.02
3.1550000000000002,14.980301420183661,0.9976656532055713,15.034325977346382,0.02
3.16,14.980739701485437,0.9977182735599092,15.033744733804095,0.02
3.165,14.981167833170472,0.9977696792119941,15.033177155357382,0.02
3.17,14.981586052318585,0.9978198980532077,15.032622929497895,0.02
3.1750000000000003,14.981994590538353,0.9978689573539422,15.032081750509677,0.02
3.18,14.982393674089202,0.9979168837764945,15.031553319336313,0.02
3.185,14.982783524000958,0.9979637033877329,15.03103734345003,0.02
3.19,14.983164356190896,0.9980094416715397,15.03053353672276,0.02
3.1950000000000003,14.98353638157835,0.998054123541031,15.030041619299142,0.02
3.2,14.983899806196916,0.9980977733505564,15.029561317471492,0.02
3.205,14.984254831304284,0.9981404149074815,15.029092363556702,0.02
3.21,14.984601653489765,0.9981820714837545,15.028634495775096,0.02
3.215,14.984940464779534,0.9982227658272592,15.028187458131237,0.02
3.22,14.985271452739637,0.9982625201729591,15.027751000296629,0.02
3.225,14.98559480057681,0.9983013562538319,15.027324877494378,0.02
3.23,14.985910687237142,0.9983392953115993,15.026908850385752,0.02
3.235,14.986219287502632,0.9983763581072542,15.026502684958636,0.02
3.24,14.986520772085662,0.9984125649313875,15.026106152417887,0.02
3.245,14.986815307721457,0.9984479356143173,15.02571902907755,0.02
3.25,14.987103057258533,0.9984824895360235,15.025341096254955,0.02
3.255,14.987384179747202,0.99851624563589,15.024972140166641,0.02
3.2600000000000002,14.987658830526154,0.9985492224222582,15.024611951826126,0.02
3.265,14.987927161307164,0.9985814379817927,15.024260326943473,0.02
3.27,14.98818932025795,0.9986129099886644,15.023917065826664,0.02
3.275,14.98844545208323,0.9986436557135515,15.023581973284749,0.02
3.2800000000000002,14.988695698104005,0.9986736920324626,15.023254858532749,0.02
3.285,14.988940196335108,0.9987030354353832,15.022935535098307,0.02
3.29,14.989179081561044,0.9987317020347507,15.022623820730054,0.02
3.295,14.98941248541018,0.998759707573758,15.022319537307665,0.02
3.3000000000000003,14.989640536427277,0.9987870674344901,15.022022510753615,0.02
3.305,14.989863360144447,0.9988137966458956,15.021732570946586,0.02
3.31,14.99008107915052,0.9988399098915968,15.021449551636492,0.02
3.315,14.990293813158887,0.9988654215175392,15.021173290361153,0.02
3.3200000000000003,14.990501679073834,0.998890345539486,15.020903628364541,0.02
3.325,14.990704791055402,0.9989146956503564,15.020640410516608,0.02
3.33,14.990903260582806,0.9989384852274145,15.02038348523466,0.02
3.335,14.991097196516435,0.9989617273393078,15.020132704406274,0.02
3.34,14.991286705158469,0.9989844347529607,15.0198879233137,0.02
3.345,14.991471890312145,0.9990066199403235,15.019649000559765,0.02
3.35,14.991652853339685,0.9990282950849801,15.019415797995242,0.02
3.355,14.99182969321894,0.9990494720886185,15.019188180647646,0.02
3.36,14.992002506598737,0.9990701625773634,15.01896601665146,0.02
3.365,14.992171387853015,0.9990903779079764,15.018749177179755,0.02
3.37,14.9923364291337,0.9991101291739247,15.018537536377185,0.02
3.375,14.992497720422424,0.9991294272113208,15.018330971294333,0.02
3.38,14.992655349581055,0.999148282604736,15.018129361823389,0.02
3.3850000000000002,14.992809402401083,0.9991667056928899,15.017932590635136,0.02
3.39,14.992959962651899,0.9991847065742182,15.017740543117231,0.02
3.395,14.99310711212797,0.9992022951123211,15.017553107313736,0.02
3.4,14.993250930694941,0.9992194809412942,15.017370173865913,0.02
3.4050000000000002,14.993391496334702,0.9992362734709456,15.01719163595422,0.02
3.41,14.993528885189408,0.9992526818918989,15.017017389241529,0.02
3.415,14.99366317160451,0.9992687151805866,15.016847331817514,0.02
3.42,14.993794428170807,0.9992843821041352,15.016681364144208,0.02
3.4250000000000003,14.993922725765522,0.9992996912251435,15.016519389002685,0.02
3.43,14.994048133592452,0.9993146509063573,15.01636131144087,0.02
3.435,14.994170719221197,0.9993292693152417,15.01620703872246,0.02
3.44,14.994290548625479,0.9993435544284534,15.016056480276902,0.02
3.4450000000000003,14.994407686220594,0.9993575140362151,15.015909547650443,0.02
3.45,14.994522194900004,0.9993711557465935,15.015766154458221,0.02
3.455,14.994634136071074,0.9993844869896834,15.015626216337374,0.02
3.46,14.994743569690003,0.9993975150216993,15.015489650901142,0.02
3.465,14.99485055429594,0.9994102469289765,15.015356377693976,0.02
3.47,14.994955147044317,0.9994226896318845,15.01522631814758,0.02
3.475,14.995057403739413,0.9994348498886522,15.015099395537923,0.02
3.48,14.995157378866159,0.999446734299109,15.014975534943174,0.02
3.485,14.995255125621222,0.9994583493083431,15.014854663202527,0.02
3.49,14.995350695943358,0.9994697012102771,15.014736708875951,0.02
3.495,14.995444140543064,0.9994807961511646,15.014621602204793,0.02
3.5,14.995535508931544,0.9994916401330084,15.014509275073241,0.02
3.505,14.995624849449003,0.9995022390169024,15.014399660970637,0.02
3.5100000000000002,14.995712209292286,0.9995125985262979,15.014292694954603,0.02
3.515,14.99579763454187,0.9995227242501973,15.014188313614993,0.02
3.52,14.995881170188232,0.9995326216462755,15.014086455038607,0.02
3.525,14.995962860157606,0.9995422960439314,15.013987058774708,0.02
3.5300000000000002,14.99604274733713,0.9995517526472699,15.013890065801297,0.02
3.535,14.99612087359942,0.9995609965380171,15.01379541849212,0.02
3.54,14.996197279826562,0.9995700326783696,15.013703060584408,0.02
3.545,14.996272005933546,0.9995788659137791,15.013612937147347,0.02
3.5500000000000003,14.996345090891154,0.9995875009756735,15.013524994551222,0.02
3.555,14.996416572748311,0.9995959424841172,15.013439180437281,0.02
3.56,14.996486488653918,0.9996041949504098,15.013355443688244,0.02
3.565,14.99655487487817,0.9996122627796263,15.013273734399474,0.02
3.5700000000000003,14.996621766833373,0.9996201502730998,15.013194003850806,0.02
3.575,14.99668719909428,0.9996278616308464,15.013116204479,0.02
3.58,14.996751205417944,0.9996354009539357,15.0130402898508,0.02
3.585,14.996813818763105,0.9996427722468068,15.012966214636625,0.02
3.59,14.996875071309132,0.9996499794195315,15.012893934584824,0.02
3.595,14.996934994474504,0.9996570262900253,15.012823406496528,0.02
3.6,14.996993618934873,0.9996639165862077,15.012754588201068,0.02
3.605,14.99705097464069,0.9996706539481133,15.01268743853194,0.02
3.61,14.99710709083442,0.9996772419299541,15.012621917303319,0.02
3.615,14.997161996067362,0.9996836840021345,15.012557985287115,0.02
3.62,14.99721571821605,0.9996899835532194,15.012495604190535,0.02
3.625,14.997268284498295,0.9996961438918579,15.012434736634157,0.02
3.63,14.997319721488827,0.9997021682486618,15.012375346130517,0.02
3.6350000000000002,14.997370055134578,0.999708059778041,15.012317397063153,0.02
3.64,14.997419310769605,0.9997138215599967,15.012260854666177,0.02
3.645,14.997467513129658,0.9997194566018724,15.012205685004256,0.02
3.65,14.997514686366406,0.999724967840066,15.012151854953089,0.02
3.6550000000000002,14.99756085406132,0.9997303581416997,15.012099332180327,0.02
3.66,14.997606039239239,0.9997356303062538,15.012048085126912,0.02
3.665,14.997650264381608,0.9997407870671606,15.011998082988864,0.02
3.67,14.997693551439406,0.9997458310933626,15.011949295699472,0.02
3.6750000000000003,14.997735921845763,0.9997507649908336,15.011901693911907,0.02
3.68,14.997777396528283,0.9997555913040652,15.01185524898222,0.02
3.685,14.997817995921077,0.999760312517518,15.011809932952747,0.02
3.69,14.997857739976503,0.9997649310570391,15.01176571853589,0.02
3.6950000000000003,14.997896648176638,0.9997694492912473,15.011722579098269,0.02
3.7,14.997934739544467,0.9997738695328852,15.011680488645242,0.02
3.705,14.997972032654816,0.9997781940401395,15.011639421805793,0.02
3.71,14.998008545645021,0.9997824250179316,15.011599353817758,0.02
3.715,14.998044296225343,0.9997865646191773,15.011560260513386,0.02
3.72,14.998079301689138,0.9997906149460167,15.011522118305267,0.02
3.725,14.998113578922787,0.9997945780510163,15.011484904172548,0.02
3.73,14.998147144415382,0.9997984559383419,15.011448595647495,0.02
3.735,14.998180014268193,0.9998022505649049,15.011413170802356,0.02
3.74,14.998212204203904,0.9998059638414809,15.011378608236537,0.02
3.745,14.998243729575627,0.999809597633803,15.01134488706407,0.02
3.75,14.998274605375704,0.9998131537636284,15.011311986901378,0.02
3.755,14.998304846244304,0.9998166340097814,15.01127988785532,0.02
3.7600000000000002,14.998334466477809,0.9998200401091697,15.011248570511524,0.02
3.765,14.998363480037,0.9998233737577793,15.011218015922983,0.02
3.77,14.998391900555056,0.999826636611644,15.011188205598925,0.02
3.775,14.998419741345353,0.9998298302877932,15.011159121493941,0.02
3.7800000000000002,14.998447015409084,0.9998329563651771,15.011130745997361,0.02
3.785,14.998473735442694,0.9998360163855702,15.011103061922894,0.02
3.79,14.998499913845135,0.9998390118544528,15.011076052498499,0.02
3.795,14.998525562724959,0.9998419442418729,15.011049701356493,0.02
3.8000000000000003,14.998550693907227,0.9998448149832869,15.011023992523901,0.02
3.805,14.998575318940263,0.999847625480381,15.010998910413024,0.02
3.81,14.998599449102251,0.9998503771018723,15.010974439812232,0.02
3.815,14.998623095407657,0.9998530711842925,15.010950565876971,0.02
3.8200000000000003,14.998646268613514,0.9998557090327512,15.010927274120993,0.02
3.825,14.998668979225556,0.9998582919216833,15.010904550407776,0.02
3.83,14.998691237504193,0.9998608210955764,15.010882380942157,0.02
3.835,14.99871305347036,0.999863297769683,15.010860752262156,0.02
3.84,14.998734436911207,0.9998657231307146,15.010839651231002,0.02
3.845,14.998755397385676,0.9998680983375201,15.010819065029343,0.02
3.85,14.998775944229925,0.9998704245217473,15.010798981147632,0.02
3.855,14.998796086562633,0.9998727027884899,15.010779387378703,0.02
3.86,14.998815833290177,0.999874934216918,15.010760271810524,0.02
3.865,14.998835193111676,0.999877119860894,15.010741622819113,0.02
3.87,14.998854174523931,0.9998792607495749,15.010723429061624,0.02
3.875,14.998872785826233,0.9998813578879986,15.010705679469606,0.02
3.88,14.998891035125062,0.9998834122576575,15.010688363242407,0.02
3.8850000000000002,14.998908930338674,0.9998854248170582,15.010671469840748,0.02
3.89,14.998926479201572,0.9998873965022675,15.01065498898044,0.02
3.895,14.998943689268879,0.9998893282274463,15.010638910626252,0.02
3.9,14.998960567920602,0.9998912208853694,15.010623224985938,0.02
3.9050000000000002,14.998977122365792,0.999893075347935,15.010607922504379,0.02
3.91,14.998993359646612,0.9998948924666601,15.01059299385789,0.02
3.915,14.999009286642293,0.9998966730731649,15.010578429948643,0.02
3.92,14.999024910073015,0.9998984179796463,15.010564221899244,0.02
3.9250000000000003,14.999040236503674,0.9999001279793389,15.01055036104742,0.02
3.93,14.99905527234758,0.9999018038469661,15.010536838940837,0.02
3.935,14.999070023870049,0.9999034463391799,15.010523647332048,0.02
3.94,14.999084497191918,0.9999050561949904,15.010510778173561,0.02
3.9450000000000003,14.999098698292974,0.9999066341361847,15.010498223613013,0.02
3.95,14.999112633015303,0.999908180867737,15.010485975988468,0.02
3.955,14.999126307066552,0.9999096970782072,15.010474027823834,0.02
3.96,14.99913972602312,0.9999111834401312,15.010462371824376,0.02
3.9650000000000003,14.999152895333273,0.9999126406104017,15.010451000872344,0.02
3.97,14.999165820320174,0.99991406923064,15.010439908022699,0.02
3.975,14.999178506184855,0.999915469927558,15.010429086498956,0.02
3.98,14.999190958009107,0.9999168433133131,15.010418529689105,0.02
3.985,14.999203180758307,0.9999181899858536,15.010408231141646,0.02
3.99,14.999215179284171,0.999919510529256,15.010398184561714,0.02
3.995,14.99922695832745,0.9999208055140543,15.010388383807294,0.02
4.0,14.999238522520551,0.9999220754975617,15.010378822885533,0.02
4.005,14.999249876390106,0.9999233210241846,15.010369495949128,0.02
4.01,14.999261024359468,0.9999245426257282,15.010360397292821,0.02
4.015,14.999271970751158,0.9999257408216964,15.010351521349955,0.02
4.0200000000000005,14.999282719789246,0.9999269161195832,15.010342862689132,0.02
4.025,14.99929327560168,0.9999280690151576,15.010334416010933,0.02
4.03,14.999303642222554,0.9999291999927422,15.010326176144734,0.02
4.035,14.999313823594326,0.9999303095254838,15.010318138045589,0.02
4.04,14.999323823569982,0.9999313980756191,15.010310296791193,0.02
4.045,14.999333645915149,0.9999324660947334,15.010302647578904,0.02
4.05,14.99934329431015,0.9999335140240124,15.010295185722855,0.02
4.055,14.999352772352019,0.9999345422944892,15.010287906651136,0.02
4.0600000000000005,14.99936208355647,0.9999355513272848,15.01028080590301,0.02
4.065,14.999371231359806,0.9999365415338428,15.010273879126252,0.02
4.07,14.999380219120791,0.9999375133161584,15.010267122074497,0.02
4.075,14.99938905012248,0.9999384670670026,15.010260530604686,0.02
4.08,14.999397727573996,0.9999394031701402,15.010254100674564,0.02
4.085,14.999406254612273,0.999940322000543,15.010247828340235,0.02
4.09,14.999414634303752,0.9999412239245979,15.010241709753775,0.02
4.095,14.999422869646041,0.9999421093003101,15.01023574116092,0.02
4.1,14.999430963569528,0.999942978477501,15.010229918898782,0.02
4.105,14.999438918938964,0.9999438317980021,15.010224239393633,0.02
4.11,14.999446738555,0.9999446695958434,15.010218699158754,0.02
4.115,14.999454425155694,0.9999454921974383,15.010213294792313,0.02
4.12,14.999461981417983,0.9999462999217631,15.010208022975318,0.02
4.125,14.99946940995911,0.9999470930805326,15.010202880469599,0.02
4.13,14.999476713338023,0.999947871978372,15.010197864115847,0.02
4.135,14.999483894056745,0.9999486369129836,15.01019297083171,0.02
4.14,14.999490954561702,0.9999493881753109,15.01018819760991,0.02
4.1450000000000005,14.999497897245028,0.9999501260496971,15.010183541516435,0.02
4.15,14.999504724445833,0.9999508508140418,15.010178999688751,0.02
4.155,14.99951143845144,0.9999515627399518,15.010174569334078,0.02
4.16,14.999518041498602,0.9999522620928902,15.010170247727677,0.02
4.165,14.999524535774674,0.9999529491323209,15.01016603221122,0.02
4.17,14.999530923418769,0.9999536241118494,15.01016192019116,0.02
4.175,14.99953720652289,0.9999542872793614,15.01015790913717,0.02
4.18,14.999543387133018,0.9999549388771569,15.010153996580597,0.02
4.1850000000000005,14.999549467250192,0.9999555791420818,15.010150180112968,0.02
4.19,14.99955544883155,0.999956208305656,15.01014645738453,0.02
4.195,14.999561333791354,0.9999568265941986,15.01014282610282,0.02
4.2,14.999567124001983,0.9999574342289502,15.010139284031274,0.02
4.205,14.999572821294915,0.9999580314261919,15.010135828987869,0.02
4.21,14.999578427461667,0.999958618397362,15.010132458843788,0.02
4.215,14.99958394425473,0.9999591953491694,15.010129171522145,0.02
4.22,14.999589373388472,0.9999597624837048,15.010125964996703,0.02
4.225,14.99959471654002,0.9999603199985483,15.010122837290657,0.02
4.23,14.999599975350124,0.999960868086876,15.010119786475423,0.02
4.235,14.999605151424001,0.9999614069375624,15.010116810669468,0.02
4.24,14.999610246332155,0.9999619367352816,15.010113908037166,0.02
4.245,14.99961526161118,0.999962457660605,15.01011107678768,0.02
4.25,14.999620198764543,0.9999629698900979,15.010108315173875,0.02
4.255,14.999625059263352,0.9999634735964128,15.01010562149125,0.02
4.26,14.999629844547096,0.9999639689483807,15.0101029940769,0.02
4.265,14.999634556024384,0.9999644561111005,15.010100431308517,0.02
4.2700000000000005,14.999639195073646,0.9999649352460263,15.01009793160338,0.02
4.275,14.999643763043833,0.9999654065110516,15.010095493417412,0.02
4.28,14.999648261255096,0.9999658700605936,15.010093115244226,0.02
4.285,14.999652690999445,0.9999663260456729,15.010090795614213,0.02
4.29,14.999657053541396,0.9999667746139936,15.010088533093644,0.02
4.295,14.999661350118604,0.9999672159100199,15.0100863262838,0.02
4.3,14.999665581942477,0.9999676500750515,15.010084173820115,0.02
4.305,14.999669750198777,0.9999680772472975,15.010082074371347,0.02
4.3100000000000005,14.999673856048208,0.9999684975619478,15.010080026638764,0.02
4.315,14.999677900626988,0.9999689111512434,15.01007802935536,0.02
4.32,14.999681885047412,0.9999693181445449,15.010076081285067,0.02
4.325,14.999685810398395,0.9999697186683991,15.01007418122202,0.02
4.33,14.999689677746003,0.9999701128466043,15.010072327989802,0.02
4.335,14.999693488133982,0.9999705008002739,15.01007052044074,0.02
4.34,14.999697242584256,0.9999708826478988,15.0100687574552,0.02
4.345,14.999700942097432,0.9999712585054076,15.010067037940905,0.02
4.3500000000000005,14.999704587653278,0.9999716284862261,15.010065360832263,0.02
4.355,14.999708180211202,0.9999719927013352,15.010063725089726,0.02
4.36,14.99971172071071,0.9999723512593268,15.01006212969915,0.02
4.365,14.999715210071859,0.9999727042664598,15.010060573671172,0.02
4.37,14.999718649195694,0.9999730518267128,15.010059056040614,0.02
4.375,14.999722038964684,0.9999733940418376,15.010057575865886,0.02
4.38,14.999725380243136,0.9999737310114098,15.01005613222841,0.02
4.385,14.999728673877607,0.9999740628328792,15.01005472423207,0.02
4.39,14.999731920697306,0.999974389601618,15.010053351002654,0.02
4.3950000000000005,14.999735121514481,0.9999747114109695,15.010052011687325,0.02
4.4,14.999738277124807,0.9999750283522939,15.010050705454091,0.02
4.405,14.99974138830775,0.999975340515014,15.010049431491309,0.02
4.41,14.999744455826939,0.9999756479866597,15.010048189007179,0.02
4.415,14.999747480430512,0.9999759508529109,15.010046977229267,0.02
4.42,14.999750462851477,0.9999762491976403,15.010045795404025,0.02
4.425,14.999753403808036,0.9999765431029541,15.010044642796341,0.02
4.43,14.999756304003924,0.9999768326492333,15.010043518689073,0.02
4.4350000000000005,14.99975916412873,0.9999771179151719,15.010042422382629,0.02
4.44,14.999761984858212,0.9999773989778159,15.010041353194522,0.02
4.445,14.999764766854609,0.999977675912601,15.010040310458969,0.02
4.45,14.999767510766933,0.999977948793389,15.010039293526464,0.02
4.455,14.999770217231273,0.9999782176925033,15.010038301763403,0.02
4.46,14.999772886871074,0.9999784826807643,15.010037334551678,0.02
4.465,14.999775520297424,0.9999787438275233,15.010036391288303,0.02
4.47,14.99977811810932,0.9999790012006957,15.010035471385049,0.02
4.4750000000000005,14.999780680893943,0.9999792548667937,15.010034574268081,0.02
4.48,14.999783209226912,0.9999795048909578,15.010033699377614,0.02
4.485,14.999785703672542,0.9999797513369877,15.010032846167551,0.02
4.49,14.999788164784094,0.9999799942673732,15.010032014105171,0.02
4.495,14.99979059310402,0.9999802337433228,15.010031202670788,0.02
4.5,14.999792989164193,0.9999804698247935,15.010030411357437,0.02
4.505,14.999795353486146,0.9999807025705182,15.010029639670567,0.02
4.51,14.999797686581296,0.9999809320380336,15.010028887127726,0.02
4.515,14.999799988951162,0.9999811582837071,15.010028153258284,0.02
4.5200000000000005,14.99980226108759,0.9999813813627627,15.010027437603126,0.02
4.525,14.999804503472953,0.9999816013293068,15.010026739714384,0.02
4.53,14.999806716580366,0.9999818182363533,15.010026059155154,0.02
4.535,14.999808900873882,0.999982032135848,15.010025395499227,0.02
4.54,14.999811056808692,0.9999822430786922,15.010024748330844,0.02
4.545,14.999813184831316,0.9999824511147662,15.010024117244416,0.02
4.55,14.999815285379789,0.9999826562929521,15.010023501844294,0.02
4.555,14.999817358883847,0.9999828586611559,15.010022901744518,0.02
4.5600000000000005,14.999819405765104,0.9999830582663289,15.01002231656859,0.02
4.565,14.99982142643723,0.9999832551544896,15.01002174594922,0.02
4.57,14.999823421306116,0.9999834493707436,15.010021189528134,0.02
4.575,14.99982539077005,0.9999836409593044,15.01002064695582,0.02
4.58,14.999827335219871,0.9999838299635126,15.01002011789134,0.02
4.585,14.999829255039135,0.999984016425856,15.010019602002103,0.02
4.59,14.999831150604265,0.9999842003879871,15.010019098963678,0.02
4.595,14.99983302228471,0.9999843818907428,15.010018608459571,0.02
4.6000000000000005,14.999834870443086,0.9999845609741616,15.01001813018106,0.02
4.605,14.999836695435329,0.9999847376775012,15.010017663826975,0.02
4.61,14.99983849761083,0.999984912039256,15.010017209103538,0.02
4.615,14.999840277312577,0.9999850840971733,15.010016765724169,0.02
4.62,14.999842034877291,0.9999852538882701,15.010016333409315,0.02
4.625,14.999843770635556,0.9999854214488487,15.01001591188627,0.02
4.63,14.99984548491195,0.9999855868145126,15.010015500889024,0.02
4.635,14.99984717802517,0.9999857500201812,15.010015100158082,0.02
4.64,14.999848850288162,0.9999859111001054,15.010014709440314,0.02
4.6450000000000005,14.99985050200823,0.9999860700878815,15.0100143284888,0.02
4.65,14.99985213348716,0.9999862270164659,15.010013957062672,0.02
4.655,14.999853745021339,0.9999863819181883,15.010013594926967,0.02
4.66,14.99985533690186,0.999986534824766,15.010013241852494,0.02
4.665,14.999856909414639,0.9999866857673164,15.010012897615674,0.02
4.67,14.99985846284052,0.9999868347763706,15.010012561998419,0.02
4.675,14.999859997455374,0.9999869818818855,15.01001223478799,0.02
4.68,14.999861513530215,0.9999871271132562,15.010011915776866,0.02
4.6850000000000005,14.999863011331286,0.9999872704993285,15.010011604762617,0.02
4.69,14.999864491120167,0.9999874120684098,15.010011301547783,0.02
4.695,14.999865953153869,0.9999875518482817,15.010011005939749,0.02
4.7,14.999867397684921,0.9999876898662103,15.010010717750623,0.02
4.705,14.999868824961474,0.9999878261489576,15.01001043679713,0.02
4.71,14.99987023522738,0.9999879607227923,15.01001016290049,0.02
4.715,14.999871628722282,0.9999880936134997,15.010009895886315,0.02
4.72,14.999873005681703,0.9999882248463929,15.01000963558449,0.02
4.7250000000000005,14.999874366337126,0.999988354446322,15.010009381829086,0.02
4.73,14.999875710916077,0.9999884824376838,15.010009134458244,0.02
4.735,14.999877039642207,0.9999886088444322,15.01000889331408,0.02
4.74,14.999878352735367,0.9999887336900868,15.010008658242583,0.02
4.745,14.999879650411685,0.9999888569977422,15.01000842909353,0.02
4.75,14.999880932883645,0.999988978790077,15.010008205720384,0.02
4.755,14.999882200360151,0.9999890990893623,15.01000798798021,0.02
4.76,14.999883453046607,0.9999892179174704,15.01000777573358,0.02
4.765,14.999884691144985,0.9999893352958832,15.010007568844495,0.02
4.7700000000000005,14.99988591485389,0.9999894512457,15.010007367180295,0.02
4.775,14.999887124368627,0.9999895657876458,15.010007170611583,0.02
4.78,14.999888319881274,0.9999896789420786,15.010006979012134,0.02
4.785,14.999889501580734,0.9999897907289975,15.010006792258833,0.02
4.79,14.999890669652805,0.9999899011680499,15.01000661023159,0.02
4.795,14.99989182428024,0.9999900102785385,15.010006432813261,0.02
4.8,14.99989296564281,0.9999901180794288,15.010006259889588,0.02
4.805,14.99989409391735,0.9999902245893558,15.010006091349116,0.02
4.8100000000000005,14.99989520927783,0.9999903298266308,15.010005927083135,0.02
4.815,14.999896311895405,0.9999904338092479,15.010005766985607,0.02
4.82,14.99989740193847,0.9999905365548907,15.0100056109531,0.02
4.825,14.999898479572716,0.9999906380809384,15.010005458884722,0.02
4.83,14.999899544961172,0.9999907384044721,15.010005310682073,0.02
4.835,14.999900598264272,0.9999908375422808,15.010005166249163,0.02
4.84,14.999901639639894,0.9999909355108674,15.010005025492369,0.02
4.845,14.999902669243411,0.9999910323264543,15.010004888320369,0.02
4.8500000000000005,14.999903687227743,0.999991128004989,15.010004754644088,0.02
4.855,14.999904693743394,0.99999122256215,15.010004624376645,0.02
4.86,14.999905688938512,0.9999913160133517,15.010004497433297,0.02
4.865,14.999906672958922,0.99999140837375,15.010004373731384,0.02
4.87,14.999907645948173,0.9999914996582474,15.010004253190283,0.02
4.875,14.999908608047587,0.9999915898814979,15.010004135731355,0.02
4.88,14.99990955939629,0.9999916790579123,15.010004021277895,0.02
4.885,14.999910500131262,0.9999917672016624,15.01000390975509,0.02
4.89,14.999911430387376,0.9999918543266861,15.01000380108997,0.02
4.8950000000000005,14.999912350297432,0.9999919404466924,15.01000369521136,0.02
4.9,14.9999132599922,0.999992025575165,15.010003592049836,0.02
4.905,14.999914159600458,0.9999921097253673,15.01000349153769,0.02
4.91,14.999915049249026,0.9999921929103469,15.010003393608876,0.02
4.915,14.999915929062807,0.9999922751429393,15.01000329819898,0.02
4.92,14.999916799164813,0.9999923564357721,15.010003205245175,0.02
4.925,14.999917659676212,0.9999924368012695,15.010003114686178,0.02
4.93,14.999918510716352,0.9999925162516557,15.01000302646222,0.02
4.9350000000000005,14.999919352402797,0.9999925947989592,15.010002940515008,0.02
4.94,14.999920184851362,0.999992672455016,15.01000285678768,0.02
4.945,14.999921008176143,0.999992749231474,15.010002775224786,0.02
4.95,14.999921822489544,0.999992825139796,15.01000269577223,0.02
4.955,14.999922627902315,0.9999929001912639,15.010002618377259,0.02
4.96,14.999923424523576,0.9999929743969813,15.01000254298842,0.02
4.965,14.99992421246085,0.9999930477678777,15.010002469555532,0.02
4.97,14.99992499182009,0.9999931203147111,15.010002398029648,0.02
4.9750000000000005,14.999925762705702,0.9999931920480719,15.010002328363031,0.02
4.98,14.999926525220584,0.9999932629783856,15.010002260509122,0.02
4.985,14.999927279466139,0.9999933331159163,15.010002194422505,0.02
4.99,14.999928025542312,0.9999934024707691,15.010002130058899,0.02
4.995,14.999928763547613,0.9999934710528935,15.010002067375105,0.02
5.0,14.999929493579138,0.9999935388720866,15.010002067375105,0.02
